[
  {
    "name": "Poland"
  },
  {
    "name": "China"
  },
  {
    "name": "Honduras"
  },
  {
    "name": "Philippines"
  },
  {
    "name": "Sierra Leone"
  },
  {
    "name": "Portugal"
  },
  {
    "name": "United States"
  },
  {
    "name": "Russia"
  },
  {
    "name": "Brazil"
  },
  {
    "name": "France"
  },
  {
    "name": "Czech Republic"
  },
  {
    "name": "Armenia"
  },
  {
    "name": "Ivory Coast"
  },
  {
    "name": "Afghanistan"
  },
  {
    "name": "Dominican Republic"
  },
  {
    "name": "Albania"
  },
  {
    "name": "Ukraine"
  },
  {
    "name": "Burundi"
  },
  {
    "name": "Kazakhstan"
  },
  {
    "name": "Indonesia"
  },
  {
    "name": "Zambia"
  },
  {
    "name": "Canada"
  },
  {
    "name": "Palestinian Territory"
  },
  {
    "name": "Peru"
  },
  {
    "name": "Uzbekistan"
  },
  {
    "name": "Colombia"
  },
  {
    "name": "Croatia"
  },
  {
    "name": "Thailand"
  },
  {
    "name": "Mexico"
  },
  {
    "name": "Norway"
  }
]