/*!40101 SET @OLD_CHARACTER_SET_CLIENT=@@CHARACTER_SET_CLIENT */;
/*!40101 SET NAMES utf8mb4 */;
/*!40014 SET @OLD_FOREIGN_KEY_CHECKS=@@FOREIGN_KEY_CHECKS, FOREIGN_KEY_CHECKS=0 */;
/*!40101 SET @OLD_SQL_MODE=@@SQL_MODE, SQL_MODE='NO_AUTO_VALUE_ON_ZERO' */;


CREATE DATABASE IF NOT EXISTS `diablo` /*!40100 DEFAULT CHARACTER SET utf8 */;
USE `diablo`;



CREATE TABLE IF NOT EXISTS `characters` (
  `id` int(10) NOT NULL AUTO_INCREMENT,
  `name` varchar(50) NOT NULL,
  `statistics_id` int(10) DEFAULT NULL,
  PRIMARY KEY (`id`),
  UNIQUE KEY `PK_Characters` (`id`),
  KEY `fk_characters_statistics` (`statistics_id`),
  CONSTRAINT `fk_characters_statistics` FOREIGN KEY (`statistics_id`) REFERENCES `statistics` (`id`)
) ENGINE=InnoDB AUTO_INCREMENT=13 DEFAULT CHARSET=utf8;


/*!40000 ALTER TABLE `characters` DISABLE KEYS */;
INSERT INTO `characters` (`id`, `name`, `statistics_id`) VALUES
	(1, 'Barbarian', 1),
	(2, 'Crusader', 2),
	(3, 'Demon Hunter', 4),
	(4, 'Monk', 5),
	(5, 'Witch Doctor', 6),
	(6, 'Wizard', 7),
	(7, 'Amazon', 8),
	(8, 'Assassin', 9),
	(9, 'Druid', 10),
	(10, 'Necromancer', 11),
	(11, 'Paladin', 12),
	(12, 'Sorceress', 13);
/*!40000 ALTER TABLE `characters` ENABLE KEYS */;



CREATE TABLE IF NOT EXISTS `games` (
  `id` int(10) NOT NULL AUTO_INCREMENT,
  `name` varchar(50) NOT NULL,
  `start` timestamp(6) NOT NULL DEFAULT CURRENT_TIMESTAMP(6) ON UPDATE CURRENT_TIMESTAMP(6),
  `duration` int(10) DEFAULT NULL,
  `game_type_id` int(10) NOT NULL,
  `is_finished` bit(1) NOT NULL DEFAULT b'0',
  PRIMARY KEY (`id`),
  UNIQUE KEY `PK_Games` (`id`),
  KEY `fk_games_game_types` (`game_type_id`),
  CONSTRAINT `fk_games_game_types` FOREIGN KEY (`game_type_id`) REFERENCES `game_types` (`id`)
) ENGINE=InnoDB AUTO_INCREMENT=242 DEFAULT CHARSET=utf8;


/*!40000 ALTER TABLE `games` DISABLE KEYS */;
INSERT INTO `games` (`id`, `name`, `start`, `duration`, `game_type_id`, `is_finished`) VALUES
	(1, 'Aithusa', '2014-06-07 23:19:14.000000', 4, 2, b'0'),
	(2, 'Acid green', '2014-09-11 00:23:00.000000', 7, 5, b'0'),
	(3, 'Apple', '2014-08-15 03:38:00.000000', 6, 3, b'1'),
	(4, 'Broadway', '2014-12-08 03:57:00.000000', 5, 5, b'0'),
	(5, 'Ancalagon', '2014-06-07 07:16:00.000000', 5, 5, b'0'),
	(6, 'Allium drumstick', '2014-05-07 08:39:00.000000', NULL, 2, b'0'),
	(7, 'Lisbon', '2014-12-08 14:09:00.000000', 6, 1, b'1'),
	(8, 'Ablajeck', '2014-05-07 14:48:00.000000', 5, 2, b'1'),
	(9, 'Acaeria', '2014-06-07 18:31:00.000000', 8, 5, b'1'),
	(10, 'Amsterdam', '2014-12-08 18:48:00.000000', 2, 3, b'1'),
	(11, 'Helo Prime', '2014-05-07 21:00:00.000000', 5, 2, b'0'),
	(12, 'Shruikan', '2014-06-07 21:21:00.000000', 4, 3, b'0'),
	(13, 'California pepperberry', '2010-01-06 20:29:00.000000', NULL, 3, b'1'),
	(14, 'Calla lily white', '2012-10-29 21:21:00.000000', 9, 3, b'1'),
	(15, 'Dahlia', '2015-10-10 11:21:00.000000', 7, 1, b'1'),
	(16, 'Delphinium Belladonna', '2015-12-01 04:47:00.000000', 5, 1, b'0'),
	(17, 'Delphinium Pacific Giant', '2011-09-10 07:16:00.000000', 3, 4, b'0'),
	(18, 'Daffodil', '2015-04-03 08:11:00.000000', 2, 5, b'1'),
	(19, 'Eric John', '2015-06-07 09:17:00.000000', NULL, 4, b'0'),
	(20, 'Eucalyptus silver dollar', '2011-10-17 09:58:00.000000', 7, 3, b'1'),
	(21, 'Eucalyptus seeded', '2015-10-29 10:07:00.000000', 7, 2, b'1'),
	(22, 'Fernleaf Yarrow', '2014-11-13 11:21:00.000000', 4, 1, b'0'),
	(23, 'Foxtail fern', '2012-02-03 12:20:00.000000', 9, 2, b'0'),
	(24, 'Freesia', '2011-09-24 13:44:00.000000', NULL, 5, b'0'),
	(25, 'Feverfew', '2010-11-27 14:09:00.000000', 6, 3, b'0'),
	(26, 'Flax New Zealand', '2011-09-16 14:48:00.000000', 7, 5, b'1'),
	(27, 'Godetia', '2010-02-06 14:46:00.000000', 7, 4, b'1'),
	(28, 'Gardenia', '2014-05-09 16:39:00.000000', 8, 3, b'1'),
	(29, 'Gerbera daisy', '2013-10-25 17:19:00.000000', 4, 2, b'0'),
	(30, 'Gerbera Ruby Red', '2013-03-30 21:07:00.000000', 2, 2, b'0'),
	(31, 'Gayfeather', '2010-06-13 21:07:00.000000', 2, 5, b'1'),
	(32, 'Goldenrod', '2015-08-20 19:53:00.000000', NULL, 4, b'0'),
	(33, 'Heather', '2014-01-11 18:48:00.000000', 6, 2, b'0'),
	(34, 'Hydrangea', '2013-07-10 11:21:00.000000', 3, 1, b'1'),
	(35, 'Ivy', '2013-12-29 15:42:00.000000', 5, 5, b'0'),
	(36, 'Japhette orchid', '2011-11-09 16:50:00.000000', 1, 1, b'0'),
	(37, 'Kangaroo paw yellow', '2010-10-30 17:19:00.000000', 3, 5, b'0'),
	(38, 'Lace fern', '2015-03-18 18:35:00.000000', 7, 4, b'0'),
	(39, 'Lily of the Nile – Alba', '2013-07-07 18:54:00.000000', 9, 4, b'0'),
	(40, 'Lumex', '2012-07-02 17:28:00.000000', 2, 5, b'0'),
	(41, 'Larkspur pink', '2014-03-05 14:11:00.000000', 2, 3, b'0'),
	(42, 'Lily of the valley', '2014-12-27 07:34:00.000000', 7, 4, b'1'),
	(43, 'Lisianthus misty blue', '2010-12-25 01:48:00.000000', NULL, 2, b'0'),
	(44, 'Lily Elite', '2011-10-18 03:38:00.000000', 4, 4, b'0'),
	(45, 'Lavender', '2014-06-27 06:46:00.000000', 2, 1, b'0'),
	(46, 'Lily Monte Negro', '2012-05-25 09:17:00.000000', 1, 1, b'1'),
	(47, 'Lily Casa Blanca', '2011-03-15 11:21:00.000000', NULL, 4, b'0'),
	(48, 'Lily Stargazer', '2013-07-11 13:44:00.000000', 8, 3, b'1'),
	(49, 'Love in a mist', '2013-01-19 14:09:00.000000', 5, 2, b'1'),
	(50, 'Mimosa', '2015-04-04 14:11:00.000000', 4, 2, b'1'),
	(51, 'Ming fern', '2014-07-11 14:17:00.000000', 1, 3, b'0'),
	(52, 'Monkshood', '2010-10-19 14:29:00.000000', 2, 1, b'0'),
	(53, 'Monte Cassino', '2010-10-23 14:46:00.000000', NULL, 5, b'1'),
	(54, 'Marguerite daisy', '2010-01-27 14:48:00.000000', 5, 5, b'0'),
	(55, 'Montbretia', '2010-03-13 15:21:00.000000', 2, 1, b'0'),
	(56, 'Misty blue Limonium', '2013-11-24 15:27:00.000000', 2, 1, b'1'),
	(57, 'Melaleuca', '2011-09-08 15:42:00.000000', 2, 5, b'0'),
	(58, 'Moon orchid', '2012-07-28 15:53:00.000000', NULL, 1, b'1'),
	(59, 'Nerine', '2014-10-22 16:14:00.000000', 7, 4, b'1'),
	(60, 'Peruvian lily', '2015-10-07 16:37:00.000000', 3, 1, b'0'),
	(61, 'Paper Reed', '2015-01-29 17:08:00.000000', 5, 5, b'0'),
	(62, 'Papyrus lions head', '2010-01-07 17:14:00.000000', 7, 3, b'0'),
	(63, 'Pincushion', '2012-07-03 18:45:00.000000', 6, 4, b'1'),
	(64, 'Phlox', '2015-04-22 16:50:00.000000', 4, 3, b'0'),
	(65, 'Pitt Variegated', '2014-09-28 18:45:00.000000', 5, 5, b'0'),
	(66, 'Peony', '2012-08-03 16:50:00.000000', NULL, 5, b'0'),
	(67, 'Pink Mink', '2015-11-09 18:45:00.000000', 7, 5, b'0'),
	(68, 'Pincushion flower annual', '2010-11-07 16:50:00.000000', 5, 4, b'1'),
	(69, 'Rose Champagne', '2010-07-14 18:45:00.000000', 6, 5, b'1'),
	(70, 'Red Rover', '2010-07-05 16:50:00.000000', 1, 1, b'0'),
	(71, 'Rose Fire & Ice', '2015-06-08 18:45:00.000000', 9, 3, b'0'),
	(72, 'Rice flower', '2012-12-27 16:50:00.000000', 7, 2, b'0'),
	(73, 'Ranunculus', '2015-08-04 18:45:00.000000', 2, 2, b'1'),
	(74, 'Rose Osiana', '2013-07-22 16:50:00.000000', NULL, 4, b'1'),
	(75, 'Rose Bridal White', '2015-05-17 11:07:00.000000', 1, 3, b'0'),
	(76, 'Rose Royalty', '2011-01-05 23:47:00.000000', 9, 4, b'0'),
	(77, 'Rose Emblem', '2010-02-10 16:50:00.000000', 2, 3, b'0'),
	(78, 'Rose Fantasy', '2015-03-03 11:07:00.000000', NULL, 1, b'0'),
	(79, 'Rose Lavanda', '2010-11-18 00:00:00.000000', 1, 4, b'0'),
	(80, 'Rose Kardinal', '2010-01-08 16:50:00.000000', NULL, 4, b'0'),
	(81, 'Rose Diadem', '2014-02-25 11:07:00.000000', 5, 5, b'1'),
	(82, 'Rose Lady Liberty', '2015-02-21 00:00:00.000000', 2, 5, b'0'),
	(83, 'Rose Bridal Pink', '2010-10-27 16:50:00.000000', 2, 1, b'1'),
	(84, 'Summer poinsettia', '2014-01-15 11:21:00.000000', 4, 2, b'0'),
	(85, 'Sprengeri fern', '2015-03-05 00:00:00.000000', 4, 5, b'0'),
	(86, 'Strawberry banksia', '2012-05-09 16:50:00.000000', 3, 3, b'1'),
	(87, 'Safflower', '2011-06-26 11:21:00.000000', NULL, 4, b'1'),
	(88, 'Spider Fuji Yellow', '2012-07-08 00:00:00.000000', 2, 3, b'0'),
	(89, 'Salmon Reagan', '2012-07-28 16:50:00.000000', 3, 1, b'0'),
	(90, 'Sweet William', '2011-11-10 11:21:00.000000', 2, 1, b'1'),
	(91, 'Sunflower Sunbright', '2013-02-13 00:00:00.000000', NULL, 3, b'0'),
	(92, 'Strawflower', '2011-07-01 16:50:00.000000', 9, 5, b'0'),
	(93, 'Safari Sunset', '2012-10-02 11:21:00.000000', 4, 5, b'1'),
	(94, 'Sweet pea', '2014-06-11 00:00:00.000000', 2, 4, b'0'),
	(95, 'Statice blue', '2013-02-08 16:50:00.000000', 7, 3, b'0'),
	(96, 'Stock lavender', '2012-02-02 11:21:00.000000', 1, 4, b'1'),
	(97, 'Sword fern', '2010-03-01 00:00:00.000000', 5, 4, b'0'),
	(98, 'Star of Bethlehem', '2015-07-30 16:50:00.000000', 8, 2, b'0'),
	(99, 'Sage perennial', '2015-09-19 11:21:00.000000', NULL, 4, b'1'),
	(100, 'Saponaria', '2013-05-31 00:00:00.000000', 7, 4, b'0'),
	(101, 'Snapdragon apple blossom', '2011-08-12 16:50:00.000000', 4, 2, b'1'),
	(102, 'Saxicola', '2010-07-08 00:00:00.000000', 8, 2, b'1'),
	(103, 'Snapdragon magenta', '2015-10-18 23:47:00.000000', 3, 3, b'0'),
	(104, 'Solidaster', '2013-08-26 00:00:00.000000', 2, 4, b'1'),
	(105, 'Speedwell', '2015-03-10 23:47:00.000000', NULL, 1, b'0'),
	(106, 'Stephanotis', '2011-08-19 00:00:00.000000', 3, 3, b'0'),
	(107, 'Thorow-wax', '2014-10-22 23:47:00.000000', 3, 2, b'1'),
	(108, 'Telstar', '2013-05-08 00:00:00.000000', 7, 1, b'1'),
	(109, 'Tuberose', '2015-09-04 23:47:00.000000', NULL, 4, b'0'),
	(110, 'Tracelium', '2013-10-05 00:00:00.000000', 3, 4, b'0'),
	(111, 'Tulip pink', '2012-01-27 23:47:00.000000', 3, 5, b'1'),
	(112, 'Waxflower', '2015-06-15 00:00:00.000000', 6, 2, b'0'),
	(113, 'Willow curly', '2010-09-05 00:00:00.000000', 3, 4, b'1'),
	(114, 'Watsonia', '2014-07-22 23:47:00.000000', 3, 3, b'0'),
	(115, 'Ablajeck', '2011-03-29 00:00:00.000000', 9, 1, b'1'),
	(116, 'Abregado Rae', '2012-11-13 14:48:00.000000', 8, 2, b'1'),
	(117, 'Abrion', '2013-08-20 00:00:00.000000', 3, 3, b'1'),
	(118, 'Alderaan', '2011-08-21 00:00:00.000000', 4, 1, b'1'),
	(119, 'Allied Tion', '2011-06-08 23:47:00.000000', 1, 4, b'1'),
	(120, 'Altyr', '2013-02-11 14:48:00.000000', 5, 2, b'0'),
	(121, 'Andat', '2014-02-02 00:00:00.000000', NULL, 3, b'0'),
	(122, 'Six Flags', '2013-01-24 00:00:00.000000', 2, 4, b'1'),
	(123, 'SeaWorld', '2010-06-19 23:47:00.000000', 8, 3, b'1'),
	(124, 'Yosemite', '2012-01-24 00:00:00.000000', 7, 2, b'0'),
	(125, 'Stonehenge', '2011-11-17 00:00:00.000000', 7, 3, b'1'),
	(126, 'Machu Picchu', '2012-04-30 00:00:00.000000', 5, 4, b'0'),
	(127, 'Central Park', '2012-06-14 23:47:00.000000', 4, 2, b'0'),
	(128, 'Forbidden City', '2014-02-12 00:00:00.000000', 5, 4, b'1'),
	(129, 'Broadway', '2011-01-16 14:48:00.000000', 5, 1, b'0'),
	(130, 'Brooklyn Bridge', '2010-09-15 00:00:00.000000', 7, 1, b'0'),
	(131, 'Golden Gate', '2013-09-17 23:47:00.000000', 5, 5, b'0'),
	(132, 'Pike Place', '2010-10-19 00:00:00.000000', 8, 3, b'0'),
	(133, 'South Seaport', '2013-10-02 00:00:00.000000', 3, 2, b'0'),
	(134, 'Navy Pier', '2010-02-19 00:00:00.000000', 9, 3, b'0'),
	(135, 'Pier 39', '2015-06-21 23:47:00.000000', 8, 3, b'0'),
	(136, 'Fulvous', '2011-02-14 00:00:00.000000', NULL, 3, b'0'),
	(137, 'Fuzzy Wuzzy', '2013-05-17 14:48:00.000000', 7, 5, b'0'),
	(138, 'Paris', '2012-02-01 00:00:00.000000', 7, 4, b'1'),
	(139, 'London', '2011-01-13 23:47:00.000000', 4, 4, b'1'),
	(140, 'Bangkok', '2011-04-04 00:00:00.000000', 8, 5, b'0'),
	(141, 'Singapore', '2014-10-29 00:00:00.000000', 7, 2, b'0'),
	(142, 'New York', '2011-09-06 23:47:00.000000', 7, 4, b'0'),
	(143, 'Kuala Lumpur', '2013-05-05 14:48:00.000000', 1, 2, b'1'),
	(144, 'Istanbul', '2013-11-21 00:00:00.000000', 8, 5, b'0'),
	(145, 'Rome', '2015-03-21 00:00:00.000000', 5, 3, b'1'),
	(146, 'Hong Kong', '2015-01-26 20:05:00.000000', 5, 4, b'1'),
	(147, 'Dubai', '2013-07-26 14:48:00.000000', NULL, 5, b'1'),
	(148, 'Shanghai', '2014-02-10 00:00:00.000000', 4, 1, b'1'),
	(149, 'Las Vegas', '2013-08-29 20:05:00.000000', 3, 3, b'0'),
	(150, 'Miami', '2014-04-29 00:00:00.000000', 7, 2, b'1'),
	(151, 'Toronto', '2013-10-11 14:48:00.000000', 2, 5, b'0'),
	(152, 'Los Angeles', '2014-08-07 00:00:00.000000', 8, 2, b'1'),
	(153, 'Amsterdam', '2010-05-25 20:05:00.000000', 7, 2, b'1'),
	(154, 'Moscow', '2015-12-15 00:00:00.000000', 9, 1, b'0'),
	(155, 'Cairo', '2010-12-08 14:48:00.000000', 4, 3, b'0'),
	(156, 'Barcelona', '2013-11-30 20:05:00.000000', 3, 1, b'0'),
	(157, 'Dublin', '2013-06-29 00:00:00.000000', 6, 5, b'1'),
	(158, 'Prague', '2014-03-15 00:00:00.000000', 8, 3, b'1'),
	(159, 'Madrid', '2012-06-11 14:48:00.000000', 6, 2, b'0'),
	(160, 'San Francisco', '2014-09-21 00:00:00.000000', NULL, 4, b'0'),
	(161, 'Vancouver', '2014-06-14 20:05:00.000000', 2, 3, b'0'),
	(162, 'Vienna', '2013-12-12 00:00:00.000000', 4, 1, b'1'),
	(163, 'Budapest', '2011-05-12 14:48:00.000000', 7, 1, b'1'),
	(164, 'Berlin', '2014-07-29 00:00:00.000000', 9, 3, b'0'),
	(165, 'Tokyo', '2011-02-24 20:05:00.000000', 6, 3, b'0'),
	(166, 'Mexico City', '2011-07-23 00:00:00.000000', 8, 2, b'0'),
	(167, 'Rio de Janeiro', '2015-07-11 00:00:00.000000', 6, 4, b'1'),
	(168, 'Buenos Aires', '2015-02-17 00:00:00.000000', 7, 3, b'0'),
	(169, 'Seoul', '2015-03-07 20:05:00.000000', 2, 2, b'1'),
	(170, 'Athens', '2014-11-06 00:00:00.000000', 2, 1, b'0'),
	(171, 'Jerusalem', '2010-05-27 14:48:00.000000', 3, 5, b'0'),
	(172, 'St. Petersburg', '2015-02-13 00:00:00.000000', 9, 1, b'1'),
	(173, 'Sydney', '2010-06-07 20:05:00.000000', NULL, 5, b'0'),
	(174, 'Mumbai', '2010-04-13 00:00:00.000000', 1, 1, b'1'),
	(175, 'Munich', '2010-07-01 00:00:00.000000', 7, 3, b'1'),
	(176, 'Seattle', '2011-12-14 20:05:00.000000', 5, 1, b'0'),
	(177, 'Delhi', '2011-05-09 00:00:00.000000', 8, 3, b'1'),
	(178, 'Venice', '2010-08-02 14:48:00.000000', 9, 4, b'0'),
	(179, 'Beijing', '2013-12-20 00:00:00.000000', 2, 4, b'0'),
	(180, 'Cape Town', '2010-03-11 20:05:00.000000', 6, 3, b'1'),
	(181, 'Washington D.C.', '2011-03-03 00:00:00.000000', 3, 3, b'0'),
	(182, 'Florence', '2012-04-02 00:00:00.000000', 4, 4, b'0'),
	(183, 'Atlanta', '2015-07-02 00:00:00.000000', 9, 5, b'0'),
	(184, 'Boston', '2014-09-10 20:05:00.000000', NULL, 4, b'1'),
	(185, 'Philadelphia', '2013-11-11 00:00:00.000000', 5, 4, b'0'),
	(186, 'Chicago', '2011-06-05 00:00:00.000000', 2, 2, b'0'),
	(187, 'Montreal', '2014-04-28 20:05:00.000000', 8, 4, b'1'),
	(188, 'San Diego', '2011-08-06 00:00:00.000000', NULL, 3, b'0'),
	(189, 'Warsaw', '2012-10-03 14:48:00.000000', 2, 5, b'1'),
	(190, 'Sharm el-Sheikh', '2013-11-21 00:00:00.000000', 3, 3, b'0'),
	(191, 'Stockholm', '2012-04-18 20:05:00.000000', 8, 3, b'0'),
	(192, 'Cancún', '2012-06-16 14:48:00.000000', 3, 2, b'1'),
	(193, 'Dallas', '2012-01-31 00:00:00.000000', NULL, 2, b'1'),
	(194, 'Milan', '2011-02-18 20:05:00.000000', 3, 3, b'0'),
	(195, 'Oslo', '2015-04-24 00:00:00.000000', 5, 1, b'0'),
	(196, 'Lisbon', '2012-07-16 00:00:00.000000', NULL, 3, b'0'),
	(197, 'Punta Cana', '2014-04-12 00:00:00.000000', 2, 5, b'0'),
	(198, 'Antalya', '2014-10-11 20:05:00.000000', 2, 1, b'0'),
	(199, 'Mecca', '2015-07-15 00:00:00.000000', 7, 3, b'1'),
	(200, 'Macau', '2011-11-09 14:48:00.000000', 1, 1, b'1'),
	(201, 'Johannesburg', '2015-03-20 00:00:00.000000', 2, 2, b'0'),
	(202, 'Pattaya', '2015-04-16 00:00:00.000000', 2, 1, b'0'),
	(203, 'Kiev', '2015-06-22 00:00:00.000000', 8, 2, b'0'),
	(204, 'Shenzhen', '2015-05-14 00:00:00.000000', 6, 5, b'0'),
	(205, 'Bucharest', '2015-12-18 00:00:00.000000', 7, 2, b'1'),
	(206, 'Taipei', '2013-03-27 00:00:00.000000', 2, 4, b'1'),
	(207, 'Brussels', '2015-04-29 00:00:00.000000', 8, 3, b'1'),
	(208, 'Marrakesh', '2013-06-06 00:00:00.000000', 2, 2, b'0'),
	(209, 'Orlando', '2011-03-24 00:00:00.000000', 4, 4, b'1'),
	(210, 'Phuket', '2011-01-25 00:00:00.000000', 4, 4, b'0'),
	(211, 'Edirne', '2015-06-28 00:00:00.000000', 1, 2, b'1'),
	(212, 'Bali', '2014-08-04 00:00:00.000000', 6, 1, b'0'),
	(213, 'Copenhagen', '2015-07-09 00:00:00.000000', 8, 3, b'1'),
	(214, 'São Paulo', '2013-02-06 00:00:00.000000', 3, 4, b'1'),
	(215, 'Jakarta', '2014-05-24 00:00:00.000000', 3, 4, b'1'),
	(216, 'Auckland', '2011-10-14 00:00:00.000000', 4, 1, b'0'),
	(217, 'Honolulu', '2012-02-05 00:00:00.000000', 4, 4, b'1'),
	(218, 'Wellington', '2011-12-20 00:00:00.000000', 2, 1, b'0'),
	(219, 'New Orleans', '2014-03-31 00:00:00.000000', 5, 5, b'0'),
	(220, 'Petra', '2011-11-09 00:00:00.000000', 3, 2, b'0'),
	(221, 'Edinburgh', '2013-11-28 00:00:00.000000', 3, 1, b'0'),
	(222, 'Melbourne', '2014-03-11 00:00:00.000000', 8, 1, b'1'),
	(223, 'Manila', '2013-12-04 00:00:00.000000', 4, 1, b'1'),
	(224, 'Houston', '2012-07-04 00:00:00.000000', 8, 4, b'1'),
	(225, 'Lima', '2012-05-30 00:00:00.000000', 1, 5, b'0'),
	(226, 'Santiago', '2014-09-05 00:00:00.000000', 5, 2, b'0'),
	(227, 'Bogotá', '2011-04-28 00:00:00.000000', 3, 1, b'0'),
	(228, 'Zürich', '2012-01-17 00:00:00.000000', 3, 2, b'1'),
	(229, 'Trafalgar Square', '2014-08-04 00:00:00.000000', 5, 5, b'0'),
	(230, 'Niagara Falls', '2015-02-24 00:00:00.000000', 6, 2, b'1'),
	(231, 'Notre Dame', '2013-03-16 00:00:00.000000', 7, 5, b'0'),
	(232, 'Great Wall', '2013-04-11 00:00:00.000000', 7, 5, b'1'),
	(233, 'Everland', '2014-03-18 00:00:00.000000', 5, 2, b'1'),
	(234, 'Grand Canyon', '2010-07-15 00:00:00.000000', 2, 1, b'0'),
	(235, 'Ocean Park', '2010-09-10 00:00:00.000000', 9, 5, b'0'),
	(236, 'Empire State', '2015-05-15 00:00:00.000000', 3, 3, b'0'),
	(237, 'Pompeii', '2010-03-08 00:00:00.000000', 2, 1, b'0'),
	(238, 'Versailles', '2013-09-13 00:00:00.000000', 7, 1, b'0'),
	(239, 'Lake Mead', '2015-04-25 00:00:00.000000', 7, 3, b'1'),
	(240, 'Lotte World', '2012-09-13 00:00:00.000000', 6, 4, b'1'),
	(241, 'Victoria Peak', '2014-01-01 00:00:00.000000', 1, 1, b'1');
/*!40000 ALTER TABLE `games` ENABLE KEYS */;



CREATE TABLE IF NOT EXISTS `game_types` (
  `id` int(10) NOT NULL AUTO_INCREMENT,
  `name` varchar(50) NOT NULL,
  `bonus_stats_id` int(10) DEFAULT NULL,
  PRIMARY KEY (`id`),
  UNIQUE KEY `PK_GameTypes` (`id`),
  KEY `fk_game_types_statistics` (`bonus_stats_id`),
  CONSTRAINT `fk_game_types_statistics` FOREIGN KEY (`bonus_stats_id`) REFERENCES `statistics` (`id`)
) ENGINE=InnoDB AUTO_INCREMENT=6 DEFAULT CHARSET=utf8;


/*!40000 ALTER TABLE `game_types` DISABLE KEYS */;
INSERT INTO `game_types` (`id`, `name`, `bonus_stats_id`) VALUES
	(1, 'Expert', 116),
	(2, 'Beginner', 117),
	(3, 'Kinky', 118),
	(4, 'Intermediate', 119),
	(5, 'Funny', 120);
/*!40000 ALTER TABLE `game_types` ENABLE KEYS */;



CREATE TABLE IF NOT EXISTS `game_type_forbidden_items` (
  `item_id` int(10) NOT NULL,
  `game_type_id` int(10) NOT NULL,
  PRIMARY KEY (`item_id`,`game_type_id`),
  UNIQUE KEY `PK_GameTypeForbiddenItems` (`item_id`,`game_type_id`),
  KEY `fk_game_type_forbidden_game_types` (`game_type_id`),
  CONSTRAINT `fk_game_type_forbidden_game_types` FOREIGN KEY (`game_type_id`) REFERENCES `game_types` (`id`),
  CONSTRAINT `fk_game_type_forbidden_items` FOREIGN KEY (`item_id`) REFERENCES `items` (`id`)
) ENGINE=InnoDB DEFAULT CHARSET=utf8;


/*!40000 ALTER TABLE `game_type_forbidden_items` DISABLE KEYS */;
INSERT INTO `game_type_forbidden_items` (`item_id`, `game_type_id`) VALUES
	(1, 1),
	(7, 1),
	(9, 1),
	(18, 1),
	(22, 1),
	(49, 1),
	(121, 1),
	(127, 1),
	(131, 1),
	(145, 1),
	(159, 1),
	(180, 1),
	(212, 1),
	(233, 1),
	(242, 1),
	(315, 1),
	(337, 1),
	(342, 1),
	(368, 1),
	(398, 1),
	(413, 1),
	(439, 1),
	(448, 1),
	(487, 1),
	(489, 1),
	(516, 1),
	(536, 1),
	(556, 1),
	(15, 2),
	(22, 2),
	(25, 2),
	(32, 2),
	(67, 2),
	(84, 2),
	(87, 2),
	(117, 2),
	(124, 2),
	(268, 2),
	(284, 2),
	(332, 2),
	(345, 2),
	(356, 2),
	(372, 2),
	(381, 2),
	(385, 2),
	(388, 2),
	(393, 2),
	(413, 2),
	(419, 2),
	(453, 2),
	(474, 2),
	(482, 2),
	(516, 2),
	(544, 2),
	(564, 2),
	(19, 3),
	(43, 3),
	(68, 3),
	(79, 3),
	(84, 3),
	(94, 3),
	(103, 3),
	(134, 3),
	(136, 3),
	(149, 3),
	(161, 3),
	(164, 3),
	(169, 3),
	(197, 3),
	(205, 3),
	(215, 3),
	(219, 3),
	(264, 3),
	(271, 3),
	(286, 3),
	(294, 3),
	(352, 3),
	(403, 3),
	(430, 3),
	(440, 3),
	(467, 3),
	(473, 3),
	(491, 3),
	(504, 3),
	(510, 3),
	(545, 3),
	(566, 3),
	(21, 4),
	(24, 4),
	(29, 4),
	(44, 4),
	(47, 4),
	(55, 4),
	(97, 4),
	(117, 4),
	(128, 4),
	(129, 4),
	(138, 4),
	(142, 4),
	(164, 4),
	(203, 4),
	(214, 4),
	(266, 4),
	(272, 4),
	(342, 4),
	(343, 4),
	(348, 4),
	(362, 4),
	(451, 4),
	(497, 4),
	(552, 4),
	(569, 4),
	(13, 5),
	(62, 5),
	(63, 5),
	(64, 5),
	(150, 5),
	(166, 5),
	(245, 5),
	(323, 5),
	(378, 5),
	(414, 5),
	(432, 5),
	(438, 5),
	(481, 5),
	(528, 5);
/*!40000 ALTER TABLE `game_type_forbidden_items` ENABLE KEYS */;



CREATE TABLE IF NOT EXISTS `items` (
  `id` int(10) NOT NULL AUTO_INCREMENT,
  `name` varchar(50) DEFAULT NULL,
  `item_type_id` int(10) NOT NULL,
  `statistics_id` int(10) NOT NULL,
  `price` decimal(19,4) NOT NULL,
  `min_level` int(10) NOT NULL,
  PRIMARY KEY (`id`),
  UNIQUE KEY `PK_Items` (`id`),
  KEY `fk_items_item_type` (`item_type_id`),
  KEY `fk_items_statistics` (`statistics_id`),
  CONSTRAINT `fk_items_item_type` FOREIGN KEY (`item_type_id`) REFERENCES `item_types` (`id`),
  CONSTRAINT `fk_items_statistics` FOREIGN KEY (`statistics_id`) REFERENCES `statistics` (`id`)
) ENGINE=InnoDB AUTO_INCREMENT=578 DEFAULT CHARSET=utf8;


/*!40000 ALTER TABLE `items` DISABLE KEYS */;
INSERT INTO `items` (`id`, `name`, `item_type_id`, `statistics_id`, `price`, `min_level`) VALUES
	(1, 'Adventurers Journal', 2, 92, 720.0000, 24),
	(2, 'Aether Walker', 27, 102, 473.0000, 46),
	(3, 'Ageless Might', 14, 32, 714.0000, 76),
	(4, 'Ahavarion, Spear of Lycander', 28, 109, 313.0000, 20),
	(5, 'Akanesh, the Herald of Righteousness', 24, 82, 586.0000, 26),
	(6, 'Akarats Awakening', 22, 16, 80.0000, 78),
	(7, 'Alabaster Gloves', 2, 39, 65.0000, 41),
	(8, 'Amazonian Parma', 11, 105, 745.0000, 64),
	(9, 'Ambos Pride', 1, 110, 687.0000, 48),
	(10, 'Amulets', 12, 39, 792.0000, 49),
	(11, 'Ancestors Grace', 18, 57, 565.0000, 18),
	(12, 'Ancient Parthan Defenders', 18, 21, 566.0000, 38),
	(13, 'Andariel Visage (Diablo III)', 11, 85, 93.0000, 18),
	(14, 'Anessazi Edge', 8, 65, 329.0000, 17),
	(15, 'Angel Hair Braid', 4, 55, 750.0000, 8),
	(16, 'Angelic Shard', 26, 113, 517.0000, 12),
	(17, 'Aquila Cuirass', 23, 21, 405.0000, 76),
	(18, 'Arcane Barb', 17, 104, 658.0000, 70),
	(19, 'Archfiend Arrows', 9, 48, 531.0000, 8),
	(20, 'Archmages Vicalyke', 11, 12, 143.0000, 31),
	(21, 'Arcstone', 22, 102, 613.0000, 50),
	(22, 'Armor of the Kind Regent', 19, 114, 90.0000, 49),
	(23, 'Arreats Law', 16, 71, 604.0000, 43),
	(24, 'Arthefs Spark of Life', 27, 21, 292.0000, 4),
	(25, 'Atrophy', 7, 72, 494.0000, 45),
	(26, 'Autums Call', 3, 77, 406.0000, 50),
	(27, 'Avarice Band', 24, 71, 729.0000, 32),
	(28, 'Axes', 15, 63, 691.0000, 21),
	(29, 'Azurewrath (Diablo III)', 22, 96, 96.0000, 55),
	(30, 'Bakkan Caster', 25, 100, 762.0000, 37),
	(31, 'Balance', 11, 73, 283.0000, 24),
	(32, 'Balefire Caster', 2, 37, 260.0000, 32),
	(33, 'Baleful Remnant', 16, 8, 771.0000, 36),
	(34, 'Band of Hollow Whispers', 21, 42, 405.0000, 20),
	(35, 'Band of the Rue Chambers', 6, 61, 665.0000, 76),
	(36, 'Band of Untold Secrets', 7, 44, 627.0000, 51),
	(37, 'Bane of the Powerful', 1, 14, 480.0000, 32),
	(38, 'Bane of the Stricken', 23, 105, 445.0000, 39),
	(39, 'Bane of the Trapped', 13, 96, 165.0000, 29),
	(40, 'Barter Town Pads', 5, 92, 699.0000, 64),
	(41, 'Bastions Revered', 15, 13, 416.0000, 55),
	(42, 'Beckon Sail', 14, 72, 334.0000, 5),
	(43, 'Behistun Rune', 15, 108, 611.0000, 67),
	(44, 'Belt of the Trove', 10, 41, 387.0000, 56),
	(45, 'Belt of Transcendence', 8, 4, 67.0000, 12),
	(46, 'Belts', 13, 99, 106.0000, 73),
	(47, 'Bezoar Stone', 1, 54, 510.0000, 71),
	(48, 'Bitterness', 3, 33, 663.0000, 24),
	(49, 'Black Bone Arrows', 17, 2, 53.0000, 35),
	(50, 'Blackfeather', 3, 13, 442.0000, 9),
	(51, 'Blackguard', 2, 112, 756.0000, 4),
	(52, 'Blackhand Key (Diablo III)', 15, 64, 161.0000, 44),
	(53, 'Blade of Prophecy', 19, 75, 469.0000, 26),
	(54, 'Blade of the Warlord', 27, 77, 274.0000, 54),
	(55, 'Blessed of Haull', 6, 73, 318.0000, 20),
	(56, 'Blind Faith', 3, 93, 528.0000, 46),
	(57, 'Blitzbolter', 24, 70, 18.0000, 40),
	(58, 'Blood Brother', 1, 96, 551.0000, 34),
	(59, 'Blood-Magic Blade', 10, 74, 529.0000, 5),
	(60, 'Blood-Magic Edge', 28, 15, 174.0000, 18),
	(61, 'Bloody Pincer', 14, 99, 710.0000, 16),
	(62, 'Board Walkers', 19, 72, 477.0000, 71),
	(63, 'Body Armor', 8, 97, 201.0000, 57),
	(64, 'Boj Anglers', 27, 24, 542.0000, 23),
	(65, 'Bombardiers Rucksack', 3, 38, 582.0000, 47),
	(66, 'Boneshatter', 24, 51, 67.0000, 13),
	(67, 'Boon of the Hoarder', 19, 97, 208.0000, 17),
	(68, 'Boots', 16, 63, 782.0000, 44),
	(69, 'Boots of Disregard', 22, 31, 458.0000, 42),
	(70, 'Borns Key', 7, 63, 42.0000, 53),
	(71, 'Bottomless Potion of Amplification', 1, 56, 90.0000, 67),
	(72, 'Bottomless Potion of Kulle-Aid', 13, 86, 146.0000, 67),
	(73, 'Bottomless Potion of Regeneration', 4, 94, 42.0000, 38),
	(74, 'Bottomless Potion of the Diamond', 8, 59, 615.0000, 47),
	(75, 'Bottomless Potion of the Tower', 3, 78, 375.0000, 54),
	(76, 'Bows', 12, 96, 364.0000, 63),
	(77, 'Bracers', 13, 47, 357.0000, 39),
	(78, 'Broken Crown', 8, 79, 237.0000, 8),
	(79, 'Broken Promises', 7, 30, 216.0000, 31),
	(80, 'Bul-Kathoss Wedding Band', 1, 114, 663.0000, 79),
	(81, 'Buriza-Do Kyanon (Diablo III)', 3, 51, 713.0000, 68),
	(82, 'Burst of Wrath', 17, 80, 237.0000, 69),
	(83, 'Butches Carver', 15, 48, 212.0000, 3),
	(84, 'Calamity', 16, 9, 68.0000, 9),
	(85, 'Cams Rebuttal', 10, 102, 271.0000, 52),
	(86, 'Cape of the Dark Night', 10, 34, 431.0000, 77),
	(87, 'Captured Nightmare', 23, 89, 135.0000, 22),
	(88, 'Captured Soul', 25, 94, 380.0000, 13),
	(89, 'Carnevil', 17, 59, 116.0000, 72),
	(90, 'Cataclysm', 1, 51, 631.0000, 65),
	(91, 'Centurion', 4, 64, 112.0000, 52),
	(92, 'Ceremonial Knives', 27, 55, 4.0000, 31),
	(93, 'Chaingmail', 28, 74, 479.0000, 18),
	(94, 'Chanon Bolter', 19, 76, 272.0000, 36),
	(95, 'Chilaniks Chain', 22, 113, 267.0000, 50),
	(96, 'Cinder Switch', 5, 9, 41.0000, 31),
	(97, 'Cindercoat', 22, 38, 326.0000, 78),
	(98, 'Cloak of Deception', 5, 47, 597.0000, 55),
	(99, 'Cloaks', 22, 63, 249.0000, 60),
	(100, 'Cluckeye', 12, 21, 587.0000, 20),
	(101, 'Convention of the Elements', 6, 66, 103.0000, 38),
	(102, 'Cord of the Sherma', 15, 53, 739.0000, 27),
	(103, 'Corrupted Ashbringer', 16, 28, 771.0000, 7),
	(104, 'Corruption', 21, 2, 161.0000, 74),
	(105, 'Cosmic Strand', 8, 44, 243.0000, 32),
	(106, 'Countess Julias Cameo', 21, 112, 448.0000, 77),
	(107, 'Covens Criterion', 27, 68, 592.0000, 1),
	(108, 'Crashing Rain', 24, 100, 602.0000, 12),
	(109, 'Crossbows', 8, 46, 163.0000, 70),
	(110, 'Crown of the Primus', 4, 24, 12.0000, 63),
	(111, 'Crusader Shields', 15, 37, 545.0000, 11),
	(112, 'Crushbane', 20, 10, 116.0000, 2),
	(113, 'Crystal Fist', 18, 41, 236.0000, 73),
	(114, 'Custerian Wristguards', 10, 2, 704.0000, 6),
	(115, 'Daggers', 13, 56, 198.0000, 23),
	(116, 'Daibo', 27, 2, 360.0000, 69),
	(117, 'Dark Mages Shade', 8, 40, 196.0000, 73),
	(118, 'Darklight', 24, 80, 483.0000, 50),
	(119, 'Dawn', 3, 93, 96.0000, 46),
	(120, 'Dead Mans Legacy', 17, 57, 356.0000, 22),
	(121, 'Deadeye (Diablo III)', 12, 75, 373.0000, 42),
	(122, 'Deadly Rebirth', 1, 40, 219.0000, 53),
	(123, 'Death Watch Mantle', 24, 8, 432.0000, 26),
	(124, 'Deaths Bargain', 2, 24, 354.0000, 66),
	(125, 'Deathseers Cowl', 15, 53, 348.0000, 76),
	(126, 'Defender of Westmarch', 28, 100, 479.0000, 18),
	(127, 'Defiled Doll', 11, 103, 146.0000, 16),
	(128, 'Demon Claw', 24, 60, 321.0000, 58),
	(129, 'Demon Hand', 16, 62, 609.0000, 28),
	(130, 'Demon Machine (Diablo III)', 28, 43, 290.0000, 57),
	(131, 'Demon Skin', 10, 67, 9.0000, 27),
	(132, 'Denial', 22, 6, 164.0000, 74),
	(133, 'Depth Diggers', 16, 99, 444.0000, 24),
	(134, 'Devastator', 15, 84, 492.0000, 24),
	(135, 'Devil Tongue', 20, 87, 584.0000, 20),
	(136, 'Doombringer (Diablo III)', 5, 87, 487.0000, 61),
	(137, 'Dovu Energy Trap', 4, 32, 633.0000, 22),
	(138, 'Drakons Lesson', 4, 73, 341.0000, 40),
	(139, 'Dread Iron', 7, 7, 191.0000, 43),
	(140, 'Earthshatter', 3, 21, 160.0000, 19),
	(141, 'Eberli Charo', 6, 6, 619.0000, 10),
	(142, 'Echoing Fury', 14, 20, 354.0000, 54),
	(143, 'Element of Celerity', 1, 13, 354.0000, 57),
	(144, 'Emimeis Duffel', 2, 9, 375.0000, 69),
	(145, 'Empyrean Messenger', 13, 101, 503.0000, 24),
	(146, 'Enchanting Favor', 15, 29, 132.0000, 4),
	(147, 'Enforcer', 21, 47, 30.0000, 51),
	(148, 'Envious Blade', 13, 46, 182.0000, 69),
	(149, 'Erlang Shen', 6, 102, 105.0000, 23),
	(150, 'Esoteric Alteration', 22, 9, 675.0000, 73),
	(151, 'Essence of the Twin Seas', 6, 107, 468.0000, 23),
	(152, 'Eternal Power Capsule', 25, 4, 348.0000, 29),
	(153, 'Eternal Union', 20, 4, 47.0000, 74),
	(154, 'Etrayu', 19, 25, 576.0000, 79),
	(155, 'Eun-Jang-Do', 3, 29, 617.0000, 56),
	(156, 'Exarian', 3, 74, 745.0000, 2),
	(157, 'Eye of Etlich (Diablo III)', 8, 98, 412.0000, 21),
	(158, 'Eye of Peshkov', 26, 81, 772.0000, 59),
	(159, 'Eyes of the Dead', 12, 79, 642.0000, 57),
	(160, 'Faithful Memory', 22, 55, 191.0000, 52),
	(161, 'Fate of the Fell', 2, 53, 721.0000, 23),
	(162, 'Fire Brand', 6, 36, 235.0000, 53),
	(163, 'Fire Walkers', 22, 52, 393.0000, 21),
	(164, 'Fist Weapons', 9, 102, 157.0000, 56),
	(165, 'Fjord Cutter', 28, 96, 149.0000, 41),
	(166, 'Flails', 1, 20, 278.0000, 15),
	(167, 'Fleeting Strap', 15, 59, 670.0000, 6),
	(168, 'Flesh Tearer', 16, 100, 251.0000, 72),
	(169, 'Fleshrake', 10, 106, 571.0000, 39),
	(170, 'Fletchers Pride', 18, 107, 714.0000, 23),
	(171, 'Flint Ripper Arrowheads', 4, 35, 193.0000, 68),
	(172, 'Flying Dragon', 26, 56, 621.0000, 50),
	(173, 'Fragment of Destiny', 8, 40, 163.0000, 4),
	(174, 'Freeze of Deflection', 18, 26, 139.0000, 69),
	(175, 'Frostburn (Diablo III)', 22, 87, 509.0000, 24),
	(176, 'Frozen Blood', 19, 10, 21.0000, 11),
	(177, 'Frydehrs Wrath', 20, 48, 390.0000, 29),
	(178, 'Fulminator', 26, 23, 276.0000, 44),
	(179, 'Fury of the Vanished Peak', 2, 70, 317.0000, 49),
	(180, 'Gauntlets of the Rain', 25, 9, 421.0000, 31),
	(181, 'Gazing Demise', 19, 82, 322.0000, 13),
	(182, 'Gehennas', 9, 14, 411.0000, 71),
	(183, 'Gem of Ease', 28, 78, 317.0000, 30),
	(184, 'Gem of Efficacious Toxin', 9, 95, 726.0000, 12),
	(185, 'Gems', 7, 73, 137.0000, 39),
	(186, 'Genzaniku', 25, 33, 779.0000, 42),
	(187, 'Gesture of Orpheus', 10, 75, 365.0000, 16),
	(188, 'Giant Skull (Diablo III)', 17, 110, 2.0000, 36),
	(189, 'Gift of Silaria', 28, 72, 527.0000, 22),
	(190, 'Girdle of Giants', 8, 17, 134.0000, 54),
	(191, 'Gladiator Gauntlets', 24, 33, 735.0000, 12),
	(192, 'Gloves', 11, 10, 103.0000, 22),
	(193, 'Gloves of Worship', 18, 39, 621.0000, 74),
	(194, 'Glowing Ore', 27, 26, 102.0000, 12),
	(195, 'Gogok of Swiftness', 16, 96, 100.0000, 11),
	(196, 'Golden Flense', 19, 105, 755.0000, 8),
	(197, 'Golden Gorget of Leoric', 7, 77, 772.0000, 3),
	(198, 'Golden Scourge', 3, 56, 477.0000, 22),
	(199, 'Goldskin (Diablo III)', 13, 19, 449.0000, 62),
	(200, 'Goldwrap (Diablo III)', 11, 89, 207.0000, 68),
	(201, 'Greater Rift Keystone', 3, 50, 396.0000, 43),
	(202, 'Griswolds Masterpiece', 21, 82, 342.0000, 7),
	(203, 'Griswolds Perfection', 3, 110, 117.0000, 55),
	(204, 'Griswolds Scribblings', 11, 50, 405.0000, 46),
	(205, 'Gungdo Gear', 18, 31, 36.0000, 77),
	(206, 'Gyana Na Kashu', 4, 70, 734.0000, 70),
	(207, 'Gyrfalcons Foote', 2, 21, 163.0000, 7),
	(208, 'Hack', 14, 67, 147.0000, 75),
	(209, 'Halcyons Ascent', 6, 82, 157.0000, 20),
	(210, 'Hallowed Bulwark', 10, 28, 326.0000, 69),
	(211, 'Halo of Arlyse', 4, 16, 659.0000, 44),
	(212, 'Hammer Jammers', 2, 21, 428.0000, 42),
	(213, 'Hand Crossbows', 23, 94, 302.0000, 48),
	(214, 'Hand of the Prophet (Focus)', 27, 90, 330.0000, 40),
	(215, 'Harrington Waistguard', 13, 81, 587.0000, 10),
	(216, 'Harvest Moon', 24, 77, 588.0000, 74),
	(217, 'Haunt of Vaxo', 3, 114, 626.0000, 77),
	(218, 'Haunting Girdle', 24, 44, 618.0000, 17),
	(219, 'Heart of Evil', 5, 104, 34.0000, 9),
	(220, 'Heart of Iron', 23, 84, 743.0000, 51),
	(221, 'Heart Slaughter', 1, 109, 652.0000, 31),
	(222, 'Hellcat Waistguard', 16, 2, 735.0000, 21),
	(223, 'Hellfire Amulet', 17, 59, 201.0000, 46),
	(224, 'Hellfire Ring', 26, 92, 752.0000, 44),
	(225, 'Hellfire Ring (Dexterity)', 15, 46, 29.0000, 28),
	(226, 'Hellfire Ring (Intelligence)', 4, 47, 4.0000, 60),
	(227, 'Hellfire Ring (other)', 22, 70, 168.0000, 34),
	(228, 'Hellfire Ring (Strength)', 21, 38, 731.0000, 5),
	(229, 'Hellfire Ring (Vitality)', 17, 104, 222.0000, 7),
	(230, 'Hellrack (Diablo III)', 20, 96, 300.0000, 3),
	(231, 'Hellskull', 6, 21, 620.0000, 61),
	(232, 'Helltrapper', 16, 17, 683.0000, 40),
	(233, 'Helms', 18, 106, 219.0000, 27),
	(234, 'Hexing Pants of Mr. Yan', 27, 52, 446.0000, 58),
	(235, 'Hierophants Seal', 3, 74, 146.0000, 78),
	(236, 'Hillenbrands Training Sword', 13, 30, 135.0000, 61),
	(237, 'Hilt of the Silver Wolf', 2, 93, 26.0000, 13),
	(238, 'Holy Beacon', 12, 93, 190.0000, 34),
	(239, 'Holy Point Shot', 2, 83, 464.0000, 24),
	(240, 'Homing Pads', 28, 41, 407.0000, 58),
	(241, 'Homunculus (Diablo III)', 14, 81, 517.0000, 43),
	(242, 'Human Cartilage', 25, 25, 187.0000, 59),
	(243, 'Hwoj Wrap', 27, 23, 225.0000, 17),
	(244, 'Ice Climbers', 28, 21, 166.0000, 66),
	(245, 'Iceblink (Diablo III)', 28, 47, 177.0000, 47),
	(246, 'Idol of Terror', 14, 53, 612.0000, 65),
	(247, 'Illusory Boots', 22, 30, 250.0000, 11),
	(248, 'In-Geom', 21, 2, 472.0000, 33),
	(249, 'Incense Torch of the Grand Temple', 2, 115, 533.0000, 28),
	(250, 'Insatiable Belt', 24, 1, 306.0000, 17),
	(251, 'Invigorating Gemstone', 16, 2, 687.0000, 75),
	(252, 'Inviolable Faith', 4, 15, 305.0000, 71),
	(253, 'Iron Wolves Doctrine', 11, 2, 722.0000, 30),
	(254, 'Irontoe Mudsputters', 9, 59, 339.0000, 17),
	(255, 'Ivory Tower', 10, 31, 414.0000, 13),
	(256, 'Izzuccob', 4, 40, 472.0000, 49),
	(257, 'Jaces Hammer of Vigilance', 15, 113, 410.0000, 33),
	(258, 'Jangs Envelopment', 25, 92, 97.0000, 35),
	(259, 'Jawbreaker', 22, 85, 3.0000, 49),
	(260, 'Jekangbord', 11, 20, 422.0000, 39),
	(261, 'Justice Lantern', 7, 76, 84.0000, 65),
	(262, 'Justinians Mercy', 4, 6, 768.0000, 75),
	(263, 'Kmar Tenclip', 3, 66, 189.0000, 37),
	(264, 'Kassars Retribution', 26, 57, 360.0000, 42),
	(265, 'Kekegis Unbreakable Spirit', 6, 69, 56.0000, 71),
	(266, 'Kethryes Splint', 23, 12, 648.0000, 63),
	(267, 'Key of Bones', 6, 13, 452.0000, 17),
	(268, 'Key of Evil', 11, 15, 366.0000, 25),
	(269, 'Key of Gluttony', 25, 14, 638.0000, 1),
	(270, 'Keystone of Trials', 18, 30, 401.0000, 22),
	(271, 'Kill', 14, 54, 696.0000, 30),
	(272, 'Kotuurs Brace', 24, 14, 7.0000, 58),
	(273, 'Kredes Flame', 21, 84, 765.0000, 62),
	(274, 'Kridershot', 7, 24, 514.0000, 61),
	(275, 'Kymbos Gold', 1, 90, 179.0000, 53),
	(276, 'Lacuni Prowlers', 25, 103, 275.0000, 59),
	(277, 'Lai Yuis Persuader', 20, 13, 315.0000, 38),
	(278, 'Lai Yuis Taiji', 7, 37, 228.0000, 60),
	(279, 'Lamentation', 24, 59, 212.0000, 67),
	(280, 'Last Breath', 1, 102, 234.0000, 12),
	(281, 'Legendary Gems', 25, 101, 244.0000, 47),
	(282, 'Leonine Bow of Hashir', 11, 64, 420.0000, 21),
	(283, 'Leorics Crown', 6, 65, 67.0000, 18),
	(284, 'Leorics Regret', 28, 107, 194.0000, 47),
	(285, 'Leorics Signet', 15, 37, 365.0000, 27),
	(286, 'Lidless Wall (Diablo III)', 27, 109, 661.0000, 30),
	(287, 'Light of Grace', 2, 83, 746.0000, 54),
	(288, 'List of Legendary Items', 10, 25, 67.0000, 44),
	(289, 'Living Flame', 10, 68, 671.0000, 77),
	(290, 'Living Umbral Oath', 28, 37, 393.0000, 28),
	(291, 'Logans Claw', 3, 18, 140.0000, 79),
	(292, 'Longshot', 25, 13, 565.0000, 62),
	(293, 'Lost Boys', 11, 27, 450.0000, 36),
	(294, 'Lut Socks', 20, 100, 30.0000, 43),
	(295, 'Lyekurns Diary', 20, 74, 524.0000, 14),
	(296, 'Maces', 7, 82, 760.0000, 61),
	(297, 'Mad Monarchs Scepter', 24, 54, 370.0000, 7),
	(298, 'Madawcs Sorrow', 3, 46, 520.0000, 8),
	(299, 'Madstone', 13, 39, 795.0000, 52),
	(300, 'Magefist (Diablo III)', 6, 102, 70.0000, 41),
	(301, 'Maghdas Tormented Soul', 17, 8, 783.0000, 56),
	(302, 'Maloths Focus', 18, 38, 743.0000, 49),
	(303, 'Manald Heal (Diablo III)', 10, 81, 747.0000, 61),
	(304, 'Manticore', 21, 79, 243.0000, 33),
	(305, 'Mantle of the Rydraelm', 11, 72, 301.0000, 77),
	(306, 'Maras Kaleidoscope (Diablo III)', 1, 9, 791.0000, 68),
	(307, 'Mask of Jeram', 19, 2, 171.0000, 77),
	(308, 'Maximus', 6, 31, 467.0000, 54),
	(309, 'Mempo of Twilight', 11, 65, 790.0000, 18),
	(310, 'Messerschmidts Reaver (Diablo III)', 10, 9, 282.0000, 46),
	(311, 'Mighty Belts', 1, 28, 762.0000, 49),
	(312, 'Mighty Weapons', 8, 78, 67.0000, 69),
	(313, 'Mirinae, Teardrop of the Starweaver', 12, 73, 91.0000, 50),
	(314, 'Mojos', 11, 36, 604.0000, 35),
	(315, 'Molten Wildebeests Gizzard', 22, 29, 309.0000, 23),
	(316, 'Monster Hunter', 10, 100, 611.0000, 30),
	(317, 'Moon Slayer', 7, 21, 532.0000, 64),
	(318, 'Moonlight Ward', 13, 51, 624.0000, 25),
	(319, 'Moratorium', 5, 76, 658.0000, 5),
	(320, 'Morticks Brace', 18, 66, 776.0000, 42),
	(321, 'Mutilation Guard', 7, 50, 500.0000, 54),
	(322, 'Mykens Ball of Hate', 11, 7, 402.0000, 15),
	(323, 'Mystical Source', 26, 90, 506.0000, 7),
	(324, 'Nagelring (Diablo III)', 8, 8, 139.0000, 42),
	(325, 'Nailbiter', 10, 36, 123.0000, 28),
	(326, 'Neanderthal', 9, 2, 174.0000, 73),
	(327, 'Nemesis Bracers', 26, 52, 675.0000, 75),
	(328, 'Nights Reaping', 2, 79, 719.0000, 22),
	(329, 'Nilfurs Boast', 5, 58, 779.0000, 58),
	(330, 'Nutcracker', 21, 79, 103.0000, 21),
	(331, 'Obsidian Ring of the Zodiac', 27, 9, 642.0000, 72),
	(332, 'Oculus Ring', 2, 99, 799.0000, 79),
	(333, 'Odyn Son', 24, 61, 21.0000, 2),
	(334, 'Odysseys End', 24, 111, 717.0000, 74),
	(335, 'Omnislash', 18, 11, 130.0000, 54),
	(336, 'Omryns Chain', 5, 25, 331.0000, 58),
	(337, 'Ouroboros', 15, 54, 120.0000, 53),
	(338, 'Overwhelming Desire', 19, 96, 122.0000, 2),
	(339, 'Pain Enhancer', 21, 12, 199.0000, 55),
	(340, 'Pandemonium Loop', 1, 79, 383.0000, 58),
	(341, 'Pants', 22, 78, 438.0000, 73),
	(342, 'Pauldrons', 21, 40, 641.0000, 49),
	(343, 'Pauldrons of the Skeleton King', 4, 19, 183.0000, 61),
	(344, 'Penders Purchase', 1, 35, 232.0000, 8),
	(345, 'Phial of Weakness', 28, 28, 382.0000, 22),
	(346, 'Pig Sticker', 3, 85, 189.0000, 57),
	(347, 'Piro Marella', 10, 5, 748.0000, 55),
	(348, 'Pledge of Caldeum', 17, 14, 193.0000, 50),
	(349, 'Polearms', 17, 54, 347.0000, 74),
	(350, 'Potions', 24, 11, 312.0000, 32),
	(351, 'Pox Faulds', 5, 23, 284.0000, 27),
	(352, 'Pride of Cassius', 25, 51, 245.0000, 44),
	(353, 'Prides Fall', 15, 91, 465.0000, 1),
	(354, 'Profane Pauldrons', 25, 97, 483.0000, 49),
	(355, 'Promise of Glory', 19, 92, 683.0000, 77),
	(356, 'Pus Spitter (Diablo III)', 28, 31, 705.0000, 27),
	(357, 'Puzzle Ring', 13, 52, 567.0000, 5),
	(358, 'Quaking Vial', 25, 70, 306.0000, 76),
	(359, 'Quetzalcoatl', 6, 79, 294.0000, 4),
	(360, 'Quick Draw Belt', 22, 113, 796.0000, 37),
	(361, 'Quivers', 20, 52, 301.0000, 39),
	(362, 'Rabid Strike', 19, 49, 231.0000, 67),
	(363, 'Rakoffs Glass of Life', 4, 96, 694.0000, 77),
	(364, 'Ramaladnis Gift', 14, 58, 326.0000, 8),
	(365, 'Ranslors Folly', 11, 4, 204.0000, 24),
	(366, 'Razor Strop', 11, 16, 396.0000, 17),
	(367, 'Reapers Fear', 14, 7, 508.0000, 20),
	(368, 'Reapers Wraps', 4, 76, 413.0000, 61),
	(369, 'Rechels Ring of Larceny', 17, 62, 268.0000, 45),
	(370, 'Relic of Akarat', 7, 52, 503.0000, 61),
	(371, 'Remorseless', 22, 38, 157.0000, 34),
	(372, 'Rhenho Flayer', 2, 108, 388.0000, 65),
	(373, 'Ribald Etchings', 14, 112, 339.0000, 61),
	(374, 'Rimeheart', 1, 51, 33.0000, 22),
	(375, 'Ring of Royal Grandeur', 3, 68, 554.0000, 53),
	(376, 'Rings', 1, 16, 673.0000, 66),
	(377, 'Robes of the Rydraelm', 21, 64, 208.0000, 53),
	(378, 'Rogars Huge Stone', 8, 17, 254.0000, 75),
	(379, 'Rondals Locket', 20, 67, 569.0000, 65),
	(380, 'Rozpedins Force', 23, 33, 690.0000, 45),
	(381, 'Rozpedins Staff', 13, 24, 11.0000, 31),
	(382, 'Ruinstoke', 6, 80, 278.0000, 56),
	(383, 'Rydraelm Tome', 17, 33, 625.0000, 67),
	(384, 'Sacred Harvester', 25, 32, 678.0000, 40),
	(385, 'Saffron Wrap', 16, 2, 221.0000, 28),
	(386, 'Salvation (Diablo III)', 19, 59, 650.0000, 59),
	(387, 'Sanguinary Vambraces', 6, 72, 520.0000, 60),
	(388, 'Sash of Knives', 27, 11, 702.0000, 35),
	(389, 'Scarbringer', 8, 103, 264.0000, 43),
	(390, 'Schaefers Hammer (Diablo III)', 27, 50, 341.0000, 16),
	(391, 'Scrimshaw', 10, 16, 609.0000, 55),
	(392, 'Sebors Nightmare', 8, 18, 739.0000, 54),
	(393, 'See No Evil', 16, 105, 784.0000, 38),
	(394, 'Seismic Treads', 17, 11, 182.0000, 51),
	(395, 'Serpents Sparker', 16, 89, 354.0000, 69),
	(396, 'Seven Sins', 9, 26, 380.0000, 75),
	(397, 'Sever', 26, 34, 782.0000, 14),
	(398, 'Shard of Entsteig Plate', 13, 110, 237.0000, 47),
	(399, 'Shard of Hate', 27, 57, 546.0000, 45),
	(400, 'Shattered Core', 3, 70, 180.0000, 28),
	(401, 'Shens Delight', 11, 6, 162.0000, 13),
	(402, 'Shi Mizus Haori', 26, 73, 528.0000, 5),
	(403, 'Shields', 12, 28, 380.0000, 16),
	(404, 'Shimmering Quill', 13, 112, 140.0000, 25),
	(405, 'Shuddering Demon Bone', 28, 72, 13.0000, 54),
	(406, 'Shukranis Triumph', 14, 63, 770.0000, 43),
	(407, 'Silver Star Piercers', 11, 105, 265.0000, 45),
	(408, 'Simplicitys Strength', 6, 23, 29.0000, 47),
	(409, 'Sin Seekers', 10, 98, 442.0000, 34),
	(410, 'Singularity', 13, 62, 393.0000, 79),
	(411, 'Skeleton Key', 18, 81, 236.0000, 26),
	(412, 'Skelons Deceit', 28, 69, 531.0000, 44),
	(413, 'Skelons Dice', 17, 1, 356.0000, 39),
	(414, 'Skorn', 5, 36, 559.0000, 64),
	(415, 'Skull Grasp', 8, 114, 95.0000, 64),
	(416, 'Skull of Raylend', 20, 31, 443.0000, 38),
	(417, 'Skull of Resonance', 20, 81, 45.0000, 36),
	(418, 'Sky Splitter', 24, 29, 14.0000, 60),
	(419, 'Skycutter', 27, 17, 718.0000, 40),
	(420, 'Skywarden', 21, 53, 526.0000, 60),
	(421, 'Slave Bonds', 5, 92, 747.0000, 18),
	(422, 'Sledge Fist', 22, 78, 243.0000, 69),
	(423, 'Sledge of Athskeleng', 5, 41, 743.0000, 74),
	(424, 'Slipkas Letter Opener', 22, 113, 466.0000, 61),
	(425, 'Sloraks Madness', 21, 41, 108.0000, 42),
	(426, 'Smoking Thurible', 11, 32, 428.0000, 78),
	(427, 'Solanium', 3, 48, 569.0000, 30),
	(428, 'Sorrowful Countenance', 6, 66, 338.0000, 55),
	(429, 'Soulsmasher', 25, 45, 797.0000, 51),
	(430, 'Sources', 28, 104, 717.0000, 23),
	(431, 'Spaulders of Zakara', 6, 60, 335.0000, 7),
	(432, 'Spears', 6, 98, 94.0000, 77),
	(433, 'Spectrum', 8, 48, 737.0000, 36),
	(434, 'Spines of Seething Hatred', 18, 62, 177.0000, 77),
	(435, 'Spirit Guards', 13, 45, 775.0000, 55),
	(436, 'Spirit Stones', 26, 25, 306.0000, 16),
	(437, 'Spite', 13, 2, 80.0000, 10),
	(438, 'Split Tusk', 22, 64, 717.0000, 13),
	(439, 'Squirts Necklace', 1, 23, 437.0000, 73),
	(440, 'St. Archews Gage', 5, 55, 727.0000, 48),
	(441, 'Staff of Herding', 27, 19, 42.0000, 24),
	(442, 'Staff of Kyro', 5, 49, 534.0000, 43),
	(443, 'Stalgards Decimator', 1, 93, 561.0000, 26),
	(444, 'Standoff', 6, 34, 674.0000, 74),
	(445, 'Starfire', 28, 42, 423.0000, 37),
	(446, 'Starmetal Kukri', 27, 100, 733.0000, 23),
	(447, 'Starspine', 12, 21, 150.0000, 48),
	(448, 'Staves', 27, 114, 769.0000, 40),
	(449, 'Steady Strikers', 17, 86, 581.0000, 48),
	(450, 'Stolen Ring', 24, 47, 675.0000, 55),
	(451, 'Stone Gauntlets', 18, 51, 536.0000, 70),
	(452, 'Stone of Jordan (Diablo III)', 6, 56, 550.0000, 13),
	(453, 'Storm Crow', 7, 87, 197.0000, 54),
	(454, 'Stormshield (Diablo III)', 21, 79, 422.0000, 66),
	(455, 'String of Ears (Diablo III)', 25, 35, 113.0000, 66),
	(456, 'Strongarm Bracers', 26, 31, 315.0000, 74),
	(457, 'Sublime Conviction', 14, 51, 556.0000, 30),
	(458, 'Sun Keeper', 23, 71, 753.0000, 59),
	(459, 'Sunder', 22, 42, 668.0000, 60),
	(460, 'Swamp Land Waders', 22, 100, 193.0000, 22),
	(461, 'Swiftmount', 15, 28, 755.0000, 27),
	(462, 'Swords', 20, 65, 131.0000, 66),
	(463, 'Sydyru Bone', 17, 89, 232.0000, 46),
	(464, 'Sydyru Crust', 5, 53, 458.0000, 40),
	(465, 'Symbol of the Guardian Brotherhood', 2, 83, 645.0000, 29),
	(466, 'Talisman of Aranoch', 20, 24, 393.0000, 34),
	(467, 'Tasker and Theo', 5, 5, 452.0000, 9),
	(468, 'Telrandens Hand', 6, 50, 303.0000, 39),
	(469, 'The Ancient Bonesaber of Zumakalis', 20, 26, 536.0000, 73),
	(470, 'The Broken Staff', 14, 63, 399.0000, 63),
	(471, 'The Burning Axe of Sankis', 17, 11, 37.0000, 59),
	(472, 'The Butchers Sickle', 2, 43, 782.0000, 13),
	(473, 'The Cloak of the Garwulf', 26, 6, 662.0000, 49),
	(474, 'The Clouds and the Moon', 13, 4, 326.0000, 65),
	(475, 'The Crudest Boots', 20, 94, 338.0000, 12),
	(476, 'The Dagger of Darts', 13, 65, 157.0000, 75),
	(477, 'The Ess of Johan', 21, 109, 613.0000, 54),
	(478, 'The Executioner', 14, 62, 305.0000, 23),
	(479, 'The Eye of the Storm', 11, 95, 63.0000, 21),
	(480, 'The Final Witness', 10, 78, 16.0000, 76),
	(481, 'The Fist of AzTurrasq', 26, 97, 472.0000, 5),
	(482, 'The Flavor of Time', 18, 99, 183.0000, 43),
	(483, 'The Flow of Eternity', 21, 104, 246.0000, 37),
	(484, 'The Furnace', 14, 53, 223.0000, 74),
	(485, 'The Gavel of Judgment', 22, 31, 418.0000, 17),
	(486, 'The Gidbinn (Diablo III)', 23, 34, 128.0000, 48),
	(487, 'The Grand Vizier', 26, 79, 298.0000, 56),
	(488, 'The Grandfather (Diablo III)', 2, 68, 522.0000, 69),
	(489, 'The Grin Reaper', 12, 88, 375.0000, 42),
	(490, 'The Helm of Command', 2, 5, 492.0000, 70),
	(491, 'The Helm of Rule', 11, 104, 521.0000, 59),
	(492, 'The Horadric Hamburger', 17, 107, 762.0000, 39),
	(493, 'The Inquisitor', 12, 62, 590.0000, 63),
	(494, 'The Laws of Seph', 3, 40, 724.0000, 10),
	(495, 'The Magi', 11, 104, 416.0000, 4),
	(496, 'The Magistrate', 17, 4, 178.0000, 46),
	(497, 'The Minds Eye', 26, 103, 501.0000, 45),
	(498, 'The Mortal Drama', 19, 39, 184.0000, 48),
	(499, 'The Murlocket', 3, 72, 207.0000, 34),
	(500, 'The Ninth Cirri Satchel', 25, 36, 172.0000, 12),
	(501, 'The Oculus (Diablo III)', 16, 77, 34.0000, 32),
	(502, 'The Paddle', 12, 2, 290.0000, 71),
	(503, 'The Ravens Wing', 2, 55, 79.0000, 70),
	(504, 'The Short Mans Finger', 4, 82, 771.0000, 60),
	(505, 'The Smoldering Core', 9, 37, 215.0000, 36),
	(506, 'The Spider Queen’s Grasp', 11, 50, 326.0000, 48),
	(507, 'The Star of Azkaranth', 13, 10, 549.0000, 57),
	(508, 'The Sultan of Blinding Sand', 14, 50, 460.0000, 64),
	(509, 'The Swami', 14, 78, 211.0000, 17),
	(510, 'The Tall Mans Finger', 10, 35, 322.0000, 50),
	(511, 'The Three Hundredth Spear', 21, 82, 732.0000, 20),
	(512, 'The Tormentor', 5, 12, 735.0000, 51),
	(513, 'The Undisputed Champion', 11, 91, 229.0000, 36),
	(514, 'The Wedge', 3, 43, 393.0000, 50),
	(515, 'The Witching Hour', 18, 75, 651.0000, 14),
	(516, 'The Zweihander', 11, 39, 289.0000, 67),
	(517, 'Thing of the Deep', 26, 37, 799.0000, 29),
	(518, 'Thunderfury, Blessed Blade of the Windseeker', 28, 46, 540.0000, 3),
	(519, 'Tiklandian Visage', 7, 96, 665.0000, 56),
	(520, 'Torn Soul', 1, 10, 638.0000, 6),
	(521, 'TragOul Coils', 23, 112, 553.0000, 19),
	(522, 'Triumvirate', 24, 114, 318.0000, 2),
	(523, 'Two-Handed Axes', 9, 83, 187.0000, 54),
	(524, 'Two-Handed Flails', 11, 13, 583.0000, 17),
	(525, 'Two-Handed Maces', 20, 50, 51.0000, 74),
	(526, 'Two-Handed Mighty Weapons', 12, 86, 283.0000, 54),
	(527, 'Two-Handed Swords', 10, 99, 776.0000, 77),
	(528, 'Tyraels Might (Diablo III)', 27, 38, 607.0000, 8),
	(529, 'Tzo Krins Gaze', 10, 28, 628.0000, 52),
	(530, 'Uhkapian Serpent', 12, 77, 250.0000, 34),
	(531, 'Umbral Oath', 9, 88, 14.0000, 42),
	(532, 'Unbound Bolt', 10, 18, 275.0000, 19),
	(533, 'Unending War', 5, 66, 89.0000, 51),
	(534, 'Unity', 12, 19, 18.0000, 7),
	(535, 'Unrelenting Phalanx', 4, 78, 624.0000, 36),
	(536, 'Urn of Quickening', 8, 27, 543.0000, 63),
	(537, 'Uskang', 26, 20, 51.0000, 28),
	(538, 'Utars Roar', 10, 23, 498.0000, 30),
	(539, 'Vadims Surge', 10, 85, 182.0000, 63),
	(540, 'Valtheks Rebuke', 14, 88, 573.0000, 71),
	(541, 'Velvet Camaral', 5, 62, 373.0000, 35),
	(542, 'Vengeful Wind', 16, 68, 507.0000, 42),
	(543, 'Venomhusk', 5, 35, 350.0000, 25),
	(544, 'Vial of Putridness', 19, 85, 628.0000, 34),
	(545, 'Vigilance', 4, 108, 407.0000, 77),
	(546, 'Vigilante Belt', 22, 32, 336.0000, 52),
	(547, 'Vile Ward', 15, 105, 516.0000, 69),
	(548, 'Visage of Giyua', 10, 18, 167.0000, 33),
	(549, 'VoToyias Spiker', 13, 49, 701.0000, 29),
	(550, 'Voodoo Masks', 24, 67, 117.0000, 7),
	(551, 'Wall of Bone', 2, 111, 537.0000, 43),
	(552, 'Wall of Man', 12, 79, 368.0000, 12),
	(553, 'Wand of Woh', 19, 23, 400.0000, 18),
	(554, 'Wands', 1, 95, 16.0000, 71),
	(555, 'War of the Dead', 10, 10, 631.0000, 43),
	(556, 'Warmonger', 19, 107, 773.0000, 67),
	(557, 'Warstaff of General Quang', 23, 16, 490.0000, 49),
	(558, 'Warzechian Armguards', 24, 93, 491.0000, 53),
	(559, 'White Oak Splinter', 10, 108, 36.0000, 24),
	(560, 'Wildwood', 6, 61, 537.0000, 20),
	(561, 'Windforce (Diablo III)', 19, 27, 742.0000, 29),
	(562, 'Winter Flurry', 1, 55, 222.0000, 41),
	(563, 'Wirts Original Leg', 14, 51, 367.0000, 3),
	(564, 'Wizard Hats', 12, 94, 121.0000, 76),
	(565, 'Wizardspike (Diablo III)', 15, 47, 133.0000, 78),
	(566, 'Wojahnni Assaulter', 12, 106, 706.0000, 38),
	(567, 'Won Khim Lau', 5, 10, 702.0000, 5),
	(568, 'Wondrous Deflectors', 27, 105, 137.0000, 35),
	(569, 'Wooden Stake', 11, 35, 96.0000, 46),
	(570, 'Wormwood', 27, 68, 721.0000, 60),
	(571, 'Woven Plate', 3, 28, 709.0000, 32),
	(572, 'Wrath of the Bone King', 24, 63, 413.0000, 71),
	(573, 'Wreath of Lightning', 14, 86, 489.0000, 52),
	(574, 'Wyrdward', 28, 79, 26.0000, 72),
	(575, 'Xephirian Amulet', 26, 2, 339.0000, 57),
	(576, 'Zeis Stone of Vengeance', 6, 108, 371.0000, 28),
	(577, 'Ziggurat Tooth', 16, 47, 788.0000, 56);
/*!40000 ALTER TABLE `items` ENABLE KEYS */;



CREATE TABLE IF NOT EXISTS `item_types` (
  `id` int(10) NOT NULL AUTO_INCREMENT,
  `name` varchar(50) NOT NULL,
  PRIMARY KEY (`id`),
  UNIQUE KEY `PK_ItemTypes` (`id`)
) ENGINE=InnoDB AUTO_INCREMENT=29 DEFAULT CHARSET=utf8;


/*!40000 ALTER TABLE `item_types` DISABLE KEYS */;
INSERT INTO `item_types` (`id`, `name`) VALUES
	(1, 'Axe'),
	(2, 'Dagger'),
	(3, 'Mace'),
	(4, 'Spear'),
	(5, 'Sword'),
	(6, 'Flail'),
	(7, 'Staves'),
	(8, 'Bow'),
	(9, 'Crossbow'),
	(10, 'Wand'),
	(11, 'Helm'),
	(12, 'Spirit Stone'),
	(13, 'Voodoo Mask'),
	(14, 'Wizard Hat'),
	(15, 'Pauldron'),
	(16, 'Chest Armor'),
	(17, 'Cloaks'),
	(18, 'Bracer'),
	(19, 'Glove'),
	(20, 'Belt'),
	(21, 'Pants'),
	(22, 'Boots'),
	(23, 'Amulet'),
	(24, 'Ring'),
	(25, 'Shield'),
	(26, 'Mojos'),
	(27, 'Orbs'),
	(28, 'Quivers');
/*!40000 ALTER TABLE `item_types` ENABLE KEYS */;



CREATE TABLE IF NOT EXISTS `statistics` (
  `id` int(10) NOT NULL AUTO_INCREMENT,
  `strength` int(10) NOT NULL,
  `defence` int(10) NOT NULL,
  `mind` int(10) NOT NULL,
  `speed` int(10) NOT NULL,
  `luck` int(10) NOT NULL,
  PRIMARY KEY (`id`),
  UNIQUE KEY `PK_Statistics` (`id`)
) ENGINE=InnoDB AUTO_INCREMENT=121 DEFAULT CHARSET=utf8;


/*!40000 ALTER TABLE `statistics` DISABLE KEYS */;
INSERT INTO `statistics` (`id`, `strength`, `defence`, `mind`, `speed`, `luck`) VALUES
	(1, 20, 15, 5, 10, 5),
	(2, 12, 15, 12, 15, 3),
	(4, 14, 13, 16, 12, 8),
	(5, 10, 17, 7, 8, 12),
	(6, 7, 20, 14, 11, 13),
	(7, 9, 10, 18, 18, 15),
	(8, 12, 11, 13, 9, 5),
	(9, 13, 8, 9, 13, 10),
	(10, 17, 12, 10, 5, 6),
	(11, 15, 5, 8, 2, 18),
	(12, 4, 14, 3, 19, 16),
	(13, 11, 7, 6, 17, 9),
	(14, 18, 9, 13, 3, 10),
	(15, 10, 11, 15, 8, 17),
	(16, 9, 5, 3, 13, 17),
	(17, 18, 7, 16, 11, 11),
	(18, 9, 4, 8, 8, 10),
	(19, 7, 19, 4, 1, 5),
	(20, 18, 12, 8, 18, 19),
	(21, 5, 7, 18, 10, 19),
	(22, 14, 1, 14, 15, 11),
	(23, 17, 15, 15, 18, 17),
	(24, 3, 16, 15, 1, 3),
	(25, 9, 12, 12, 5, 6),
	(26, 9, 12, 6, 9, 3),
	(27, 13, 9, 2, 16, 10),
	(28, 10, 12, 15, 6, 4),
	(29, 14, 8, 2, 7, 15),
	(30, 15, 14, 16, 4, 16),
	(31, 16, 7, 13, 6, 6),
	(32, 10, 6, 7, 15, 12),
	(33, 11, 5, 17, 2, 7),
	(34, 2, 18, 14, 8, 1),
	(35, 13, 14, 9, 16, 17),
	(36, 10, 11, 2, 9, 2),
	(37, 5, 2, 13, 15, 12),
	(38, 7, 15, 13, 2, 5),
	(39, 6, 11, 18, 6, 11),
	(40, 1, 6, 13, 10, 7),
	(41, 6, 7, 15, 8, 12),
	(42, 5, 7, 6, 16, 4),
	(43, 2, 15, 16, 10, 14),
	(44, 2, 18, 12, 6, 18),
	(45, 5, 13, 9, 9, 1),
	(46, 19, 2, 15, 2, 13),
	(47, 5, 11, 11, 16, 15),
	(48, 13, 9, 3, 2, 13),
	(49, 14, 10, 3, 6, 16),
	(50, 6, 6, 8, 6, 17),
	(51, 3, 3, 5, 10, 11),
	(52, 17, 10, 17, 8, 6),
	(53, 16, 18, 4, 13, 16),
	(54, 10, 5, 6, 1, 10),
	(55, 16, 6, 8, 8, 14),
	(56, 15, 3, 17, 2, 6),
	(57, 11, 4, 7, 7, 18),
	(58, 1, 6, 7, 16, 2),
	(59, 6, 14, 7, 5, 3),
	(60, 6, 7, 13, 4, 2),
	(61, 7, 17, 5, 8, 8),
	(62, 15, 16, 19, 3, 15),
	(63, 8, 12, 8, 5, 7),
	(64, 15, 4, 10, 18, 2),
	(65, 10, 15, 3, 7, 7),
	(66, 9, 11, 18, 8, 7),
	(67, 1, 2, 12, 14, 7),
	(68, 12, 5, 4, 12, 2),
	(69, 15, 16, 17, 8, 5),
	(70, 2, 3, 3, 4, 14),
	(71, 3, 18, 18, 10, 2),
	(72, 12, 8, 4, 17, 10),
	(73, 9, 14, 5, 8, 2),
	(74, 12, 10, 13, 12, 2),
	(75, 3, 7, 1, 15, 6),
	(76, 8, 5, 5, 7, 11),
	(77, 17, 13, 10, 6, 17),
	(78, 4, 12, 1, 7, 15),
	(79, 11, 13, 14, 8, 10),
	(80, 6, 7, 3, 10, 4),
	(81, 16, 18, 8, 18, 1),
	(82, 3, 16, 16, 10, 2),
	(83, 10, 6, 2, 12, 2),
	(84, 17, 1, 16, 15, 9),
	(85, 9, 16, 8, 11, 10),
	(86, 17, 1, 2, 15, 13),
	(87, 7, 7, 8, 11, 4),
	(88, 7, 5, 18, 10, 7),
	(89, 19, 11, 18, 9, 14),
	(90, 12, 3, 16, 13, 14),
	(91, 15, 9, 9, 18, 7),
	(92, 9, 17, 7, 17, 17),
	(93, 14, 7, 2, 10, 2),
	(94, 14, 4, 4, 3, 12),
	(95, 9, 4, 2, 17, 2),
	(96, 15, 2, 10, 6, 14),
	(97, 9, 7, 17, 6, 4),
	(98, 7, 7, 7, 9, 13),
	(99, 7, 14, 8, 17, 13),
	(100, 14, 13, 16, 6, 11),
	(101, 5, 10, 2, 14, 8),
	(102, 2, 10, 13, 15, 11),
	(103, 3, 1, 10, 17, 10),
	(104, 18, 7, 10, 3, 12),
	(105, 10, 14, 14, 5, 15),
	(106, 2, 11, 10, 14, 7),
	(107, 14, 10, 16, 8, 14),
	(108, 9, 15, 9, 3, 16),
	(109, 11, 10, 3, 19, 1),
	(110, 6, 10, 5, 13, 16),
	(111, 10, 4, 7, 7, 6),
	(112, 16, 1, 3, 3, 4),
	(113, 6, 7, 6, 13, 17),
	(114, 5, 14, 3, 3, 16),
	(115, 2, 14, 19, 8, 18),
	(116, -10, -10, -10, -10, -10),
	(117, 5, 5, 5, 5, 5),
	(118, 10, -5, -5, 5, 10),
	(119, -5, -5, -5, -5, -5),
	(120, -10, -10, 15, 15, 10);
/*!40000 ALTER TABLE `statistics` ENABLE KEYS */;



CREATE TABLE IF NOT EXISTS `users` (
  `id` int(10) NOT NULL AUTO_INCREMENT,
  `user_name` varchar(50) NOT NULL,
  `first_name` varchar(50) DEFAULT NULL,
  `last_name` varchar(50) DEFAULT NULL,
  `email` varchar(50) DEFAULT NULL,
  `registration_date` timestamp(6) NOT NULL DEFAULT CURRENT_TIMESTAMP(6) ON UPDATE CURRENT_TIMESTAMP(6),
  `is_deleted` bit(1) NOT NULL DEFAULT b'0',
  `ip_address` varchar(15) NOT NULL,
  PRIMARY KEY (`id`),
  UNIQUE KEY `PK_Users` (`id`)
) ENGINE=InnoDB AUTO_INCREMENT=72 DEFAULT CHARSET=utf8;


/*!40000 ALTER TABLE `users` DISABLE KEYS */;
INSERT INTO `users` (`id`, `user_name`, `first_name`, `last_name`, `email`, `registration_date`, `is_deleted`, `ip_address`) VALUES
	(1, 'VGeorgiev', 'Vladimir', 'Georgiev', 'vlado@softuni.bg', '2013-12-16 00:00:00.000000', b'0', '74.212.145.183'),
	(2, 'nakov', 'Svetlin', 'Nakov', 'nakov@softuni.bg', '2013-12-18 00:00:00.000000', b'0', '14.51.35.30'),
	(3, 'vladislav.karamfilov', 'Vladislav', 'Karamfilov', 'vladislav@softuni.bg', '2014-01-05 00:00:00.000000', b'0', '84.191.139.65'),
	(4, 'Petya', 'Petya', 'Grozdarska', 'petya@softuni.bg', '2014-01-10 00:00:00.000000', b'0', '134.108.213.164'),
	(5, 'Alex', 'Alexandra', 'Svilarova', 'alex@softuni.bg', '2015-06-03 00:00:00.000000', b'0', '116.33.3.1'),
	(6, 'Pesho', 'Peter', 'Goshev', 'pesho@abv.bg', '2015-02-03 00:00:00.000000', b'0', '211.246.110.53'),
	(7, 'Minka', 'Minka', 'Poryazova', 'minka@gmail.com', '2015-06-14 00:00:00.000000', b'1', '121.230.231.161'),
	(8, 'Siyka', 'Syika', 'Stoyanova', 'sukis@mail.bg', '2013-07-09 00:00:00.000000', b'0', '188.77.78.178'),
	(9, 'Stamat', 'Stamat', 'Strahilov', 'stamo@gmail.com', '2014-01-01 00:00:00.000000', b'0', '180.166.72.243'),
	(10, 'irritatingdeter', 'MARY', 'SMITH', 'stone@meekness.com', '2015-07-16 00:00:00.000000', b'0', '193.120.9.208'),
	(11, 'nangindragon', 'PATRICIA', 'JOHNSON', 'ca-tech@dps.centrin.net.id', '2015-10-14 00:00:00.000000', b'0', '198.201.172.219'),
	(12, 'monoxidecos', 'LINDA', 'WILLIAMS', 'asst_dos@astonrasuna.com', '2011-11-27 00:00:00.000000', b'0', '230.100.69.15'),
	(13, 'intpox', 'BARBARA', 'BROWN', 'achatv@cbn.net.id', '2014-07-05 00:00:00.000000', b'0', '223.207.201.4'),
	(14, 'sweethorseman', 'ELIZABETH', 'JONES', 'bali@tuguhotels.com', '2015-02-04 00:00:00.000000', b'0', '174.165.203.176'),
	(15, 'baroquegainful', 'MARIA', 'MILLER', 'bliss@thebale.com', '2013-08-10 00:00:00.000000', b'0', '211.216.90.27'),
	(16, 'chewyway', 'JENNIFER', 'DAVIS', 'trinanda_lestyowati@telkomsel.co.id', '2012-02-06 00:00:00.000000', b'0', '9.39.60.233'),
	(17, 'hinneybiggest', 'SUSAN', 'GARCIA', 'amartabali@dps.centrin.net.id', '2014-08-19 00:00:00.000000', b'0', '24.147.195.22'),
	(18, 'admincuttle', 'MARGARET', 'RODRIGUEZ', 'baliminimalist@yahoo.com', '2013-09-16 00:00:00.000000', b'0', '110.112.182.73'),
	(19, 'cagedegyptian', 'DOROTHY', 'MARTINEZ', 'adhidharma@denpasar.wasantara.net.id', '2014-05-23 00:00:00.000000', b'0', '228.44.241.182'),
	(20, 'filknotation', 'LISA', 'WILSON', 'centralreservation@ramayanahotel.com', '2014-04-11 00:00:00.000000', b'0', '168.68.45.62'),
	(21, 'corruptpizz', 'NANCY', 'YOUNG', 'apribadi@balimandira.com', '2011-04-08 00:00:00.000000', b'1', '121.34.206.203'),
	(22, 'buildingdeltoid', 'KAREN', 'ANDERSON', 'cdagenhart@ifc.org', '2012-05-26 00:00:00.000000', b'0', '174.22.35.245'),
	(23, 'whiningdelay', 'BETTY', 'TAYLOR', 'dana_supriyanto@interconti.com', '2013-08-10 00:00:00.000000', b'0', '249.109.98.206'),
	(24, 'studentdroopy', 'HELEN', 'HERNANDEZ', 'dos@novotelbali.com', '2013-01-07 00:00:00.000000', b'0', '75.221.109.65'),
	(25, 'electfarty', 'SANDRA', 'MOORE', 'daniel@hotelpadma.com', '2014-09-27 00:00:00.000000', b'0', '211.102.105.71'),
	(26, 'bashsassafras', 'DONNA', 'MARTIN', 'daniel@balibless.com', '2015-12-22 00:00:00.000000', b'0', '128.252.225.27'),
	(27, 'virtuecoxcomb', 'CAROL', 'JACKSON', 'djoko_p@jayakartahotelsresorts.com', '2011-12-06 00:00:00.000000', b'0', '126.68.240.204'),
	(28, 'unfriendlyfurther', 'RUTH', 'THOMPSON', 'expdepot@indosat.net.id', '2011-04-30 00:00:00.000000', b'0', '6.72.34.16'),
	(29, 'bindbawdy', 'SHARON', 'WHITE', 'feby.adamsyah@idn.xerox.com', '2015-11-07 00:00:00.000000', b'0', '192.157.20.222'),
	(30, 'warmbloodproclaim', 'MICHELLE', 'LOPEZ', 'christian_rizal@interconti.com', '2013-06-08 00:00:00.000000', b'0', '183.153.209.90'),
	(31, 'skirltremendous', 'LAURA', 'LEE', 'singgih93@mailcity.com', '2012-09-15 00:00:00.000000', b'1', '4.241.133.22'),
	(32, 'evolvingimportant', 'SARAH', 'GONZALEZ', 'idonk_gebhoy@yahoo.com', '2010-08-01 00:00:00.000000', b'0', '223.175.227.173'),
	(33, 'sinceregrand', 'KIMBERLY', 'HARRIS', 'info@houseofbali.com', '2014-04-04 00:00:00.000000', b'1', '168.89.155.169'),
	(34, 'swingbark', 'DEBORAH', 'CLARK', 'kyohana@toureast.net', '2010-05-06 00:00:00.000000', b'0', '149.7.102.160'),
	(35, 'countrydecay', 'JESSICA', 'LEWIS', 'sales@nusaduahotel.com', '2013-06-08 00:00:00.000000', b'0', '77.171.140.222'),
	(36, 'denyofficial', 'SHIRLEY', 'ROBINSON', 'jayakarta@mataram.wasantara.net.id', '2013-06-16 00:00:00.000000', b'0', '97.251.110.7'),
	(37, 'inguinalself', 'CYNTHIA', 'WALKER', 'mapindo@indo.net.id', '2011-06-22 23:00:00.000000', b'0', '255.111.250.207'),
	(38, 'leakingpity', 'ANGELA', 'PEREZ', 'anekabeach@dps.centrin.net.id', '2011-01-29 00:00:00.000000', b'0', '113.238.74.11'),
	(39, 'brooklyndecent', 'MELISSA', 'HALL', 'sm@ramayanahotel.com', '2014-09-13 00:00:00.000000', b'0', '160.49.15.18'),
	(40, 'slushyinflate', 'BRENDA', 'YOUNG', 'yogya@jayakartahotelsresorts.com', '2011-11-11 00:00:00.000000', b'0', '156.197.106.224'),
	(41, 'hamtemple', 'AMY', 'ALLEN', 'garudawisatajaya@indo.net.id', '2014-08-29 00:00:00.000000', b'0', '93.236.115.232'),
	(42, 'posteriorflowery', 'ANNA', 'SANCHEZ', 'ketut@kbatur.com', '2015-06-10 00:00:00.000000', b'1', '105.26.72.120'),
	(43, 'bullockssip', 'REBECCA', 'WRIGHT', 'bondps@bonansatours.com', '2012-03-04 00:00:00.000000', b'0', '209.112.96.8'),
	(44, 'ofliving', 'VIRGINIA', 'KING', 'witamgr@dps.centrin.net.id', '2012-09-04 00:00:00.000000', b'1', '39.114.238.223'),
	(45, 'rateweed', 'VIRGINIA', 'GREEN', 'dtedja@indosat.net.id', '2015-12-04 00:00:00.000000', b'0', '50.121.24.180'),
	(46, 'advisersspry', 'MARTHA', 'BAKER', 'info@stpbali.ac.id', '2013-02-28 00:00:00.000000', b'1', '100.97.183.157'),
	(47, 'fixedbucking', 'AMANDA', 'ADAMS', 'baliprestigeho@dps.centrin.net.id', '2013-02-14 00:00:00.000000', b'0', '138.206.25.177'),
	(48, 'karateperihelion', 'CHRISTINE', 'NELSON', 'pamilu@mas-travel.com', '2012-08-08 00:00:00.000000', b'0', '153.41.84.164'),
	(49, 'unchinmole', 'MARIE', 'BAILEY', 'amandabl@indosat.net.id', '2012-05-25 00:00:00.000000', b'0', '209.229.25.96'),
	(50, 'obliquepoof', 'JANET', 'HILL', 'marketing@csdwholiday.com', '2011-01-01 00:00:00.000000', b'1', '44.128.204.194'),
	(51, 'halleycurved', 'CATHERINE', 'BELL', 'luha89@yahoo.com', '2015-02-19 00:00:00.000000', b'0', '43.31.8.134'),
	(52, 'loosenoise', 'FRANCES', 'RAMIREZ', 'indahsuluh2002@yahoo.com.sg', '2015-03-10 00:00:00.000000', b'0', '215.129.178.110'),
	(53, 'ionoriole', 'ANN', 'CAMPBELL', 'imz1991@yahoo.com', '2010-08-11 00:00:00.000000', b'0', '82.95.233.223'),
	(54, 'gluttonousraspberry', 'JOYCE', 'MITCHELL', 'gus_war81@yahoo.com', '2012-04-12 00:00:00.000000', b'0', '205.7.240.1'),
	(55, 'darwinquotient', 'DIANE', 'MURPHY', 'kf034@indosat.net.id', '2012-12-19 00:00:00.000000', b'0', '145.94.245.251'),
	(56, 'yikeshydrostatic', 'ALICE', 'RIVERA', '800produkwil@posindonesia.co.id', '2015-12-21 00:00:00.000000', b'1', '148.248.198.121'),
	(57, 'wagtailspicy', 'JULIE', 'MURPHY', 'kontak.synergi@yahoo.com', '2014-06-07 00:00:00.000000', b'0', '97.238.94.44'),
	(58, 'neutralgazump', 'HEATHER', 'ROBERTS', 'oekaoeka@yahoo.com', '2013-08-21 00:00:00.000000', b'0', '142.119.249.171'),
	(59, 'shodepee', 'TERESA', 'ALLEN', 'fitrianti@hotmail.com', '2012-12-23 00:00:00.000000', b'0', '253.85.166.88'),
	(60, 'diagramsadagio', 'DORIS', 'SANCHEZ', 'h4ntoro@yahoo.com', '2010-02-17 00:00:00.000000', b'0', '177.180.236.61'),
	(61, 'baleremuda', 'EVELYN', 'CARTER', 'novi_enbe@yahoo.com', '2014-11-29 00:00:00.000000', b'0', '36.145.229.182'),
	(62, 'crowncrackers', 'GLORIA', 'PHILLIPS', 'dila_dewata@yahoo.co.id', '2015-01-07 00:00:00.000000', b'0', '99.218.95.154'),
	(63, 'potterssnarky', 'CHERYL', 'EVANS', 'tiena_asfary@yahoo.co.id', '2011-09-17 00:00:00.000000', b'1', '129.74.12.234'),
	(64, 'hurdlesurmise', 'MILDRED', 'TURNER', 'da_lawoffice@yahoo.com', '2012-11-20 00:00:00.000000', b'0', '81.91.116.195'),
	(65, 'premiumseal', 'KATHERINE', 'TORRES', 'rini@ncsecurities.biz', '2012-02-23 00:00:00.000000', b'0', '226.176.107.50'),
	(66, 'printerstencils', 'JOAN', 'PARKER', 'sudarnoto_hakim@yahoo.com', '2014-02-14 00:00:00.000000', b'0', '66.198.191.174'),
	(67, 'citiesgrill', 'ASHLEY', 'COLLINS', 'wastioke@yahoo.com', '2014-04-25 00:00:00.000000', b'0', '69.48.171.4'),
	(68, 'presidentsbasal', 'JUDITH', 'EDWARDS', 'lia_kiara97@yahoo.com', '2010-10-28 00:00:00.000000', b'0', '243.30.11.69'),
	(69, 'skippingside', 'ROSE', 'MORRIS', 'b_astuti@telkomsel.co.id', '2013-03-16 00:00:00.000000', b'0', '88.28.151.138'),
	(70, 'terrifymarzipan', 'JANICE', 'RIVERA', 'grfurniture@yahoo.com', '2010-02-10 00:00:00.000000', b'1', '136.208.113.14'),
	(71, 'rotoriginally', 'KELLY', 'ROGERS', 'gosyen2000@hotmail.com', '2010-11-11 00:00:00.000000', b'1', '146.141.16.116');
/*!40000 ALTER TABLE `users` ENABLE KEYS */;



CREATE TABLE IF NOT EXISTS `users_games` (
  `id` int(10) NOT NULL AUTO_INCREMENT,
  `game_id` int(10) NOT NULL,
  `user_id` int(10) NOT NULL,
  `character_id` int(10) NOT NULL,
  `level` int(10) NOT NULL,
  `joined_on` timestamp(6) NOT NULL DEFAULT CURRENT_TIMESTAMP(6) ON UPDATE CURRENT_TIMESTAMP(6),
  `cash` decimal(19,4) NOT NULL DEFAULT '1000.0000',
  PRIMARY KEY (`id`),
  UNIQUE KEY `PK_UsersGames_1` (`id`),
  KEY `FK_UsersGames_Characters` (`character_id`),
  KEY `FK_UsersGames_Games` (`game_id`),
  KEY `FK_UsersGames_Users1` (`user_id`),
  CONSTRAINT `fk_user_games_characters` FOREIGN KEY (`character_id`) REFERENCES `characters` (`id`),
  CONSTRAINT `fk_user_games_games` FOREIGN KEY (`game_id`) REFERENCES `games` (`id`),
  CONSTRAINT `fk_user_games_users` FOREIGN KEY (`user_id`) REFERENCES `users` (`id`)
) ENGINE=InnoDB AUTO_INCREMENT=325 DEFAULT CHARSET=utf8;


/*!40000 ALTER TABLE `users_games` DISABLE KEYS */;
INSERT INTO `users_games` (`id`, `game_id`, `user_id`, `character_id`, `level`, `joined_on`, `cash`) VALUES
	(1, 137, 31, 1, 71, '2013-05-17 00:00:00.000000', 6122.0000),
	(2, 95, 12, 4, 30, '2013-02-08 00:00:00.000000', 5485.0000),
	(3, 102, 34, 4, 76, '2010-07-08 00:00:00.000000', 7033.0000),
	(4, 7, 57, 5, 26, '2014-12-08 00:00:00.000000', 7513.0000),
	(5, 20, 40, 1, 23, '2011-10-17 00:00:00.000000', 8353.0000),
	(6, 25, 23, 3, 89, '2010-11-27 00:00:00.000000', 6984.0000),
	(7, 68, 11, 8, 89, '2010-11-07 00:00:00.000000', 7623.0000),
	(8, 44, 50, 4, 32, '2011-10-18 00:00:00.000000', 6074.0000),
	(9, 232, 66, 12, 82, '2013-04-11 00:00:00.000000', 6303.0000),
	(10, 56, 1, 11, 67, '2013-11-24 00:00:00.000000', 5826.0000),
	(11, 122, 55, 3, 20, '2013-01-24 00:00:00.000000', 7831.0000),
	(12, 230, 71, 8, 78, '2015-02-24 00:00:00.000000', 7288.0000),
	(13, 98, 66, 11, 26, '2015-07-30 00:00:00.000000', 7732.0000),
	(14, 189, 11, 12, 48, '2012-10-03 00:00:00.000000', 6505.0000),
	(15, 24, 4, 1, 55, '2013-04-11 00:00:00.000000', 7582.0000),
	(16, 122, 54, 2, 57, '2013-01-24 00:00:00.000000', 5515.0000),
	(17, 221, 34, 4, 49, '2013-11-28 00:00:00.000000', 8416.0000),
	(18, 169, 16, 9, 77, '2015-03-07 00:00:00.000000', 7430.0000),
	(19, 104, 20, 6, 63, '2013-08-26 00:00:00.000000', 8445.0000),
	(20, 100, 50, 8, 12, '2013-05-31 00:00:00.000000', 7839.0000),
	(21, 115, 46, 6, 52, '2011-03-29 00:00:00.000000', 6402.0000),
	(22, 110, 36, 12, 52, '2013-10-05 00:00:00.000000', 4518.0000),
	(23, 125, 6, 11, 53, '2011-11-17 00:00:00.000000', 7326.0000),
	(24, 116, 16, 4, 55, '2012-11-13 00:00:00.000000', 9144.0000),
	(25, 211, 41, 8, 73, '2015-06-28 00:00:00.000000', 7417.0000),
	(26, 212, 61, 3, 38, '2014-08-04 00:00:00.000000', 8022.0000),
	(27, 33, 19, 3, 57, '2014-01-11 00:00:00.000000', 8726.0000),
	(28, 175, 67, 4, 70, '2010-07-01 00:00:00.000000', 8008.0000),
	(29, 125, 22, 9, 35, '2011-11-17 00:00:00.000000', 7411.0000),
	(30, 203, 29, 7, 33, '2015-06-22 00:00:00.000000', 7266.0000),
	(31, 133, 2, 1, 10, '2013-10-02 00:00:00.000000', 7506.0000),
	(32, 59, 58, 11, 98, '2014-10-22 00:00:00.000000', 9369.0000),
	(33, 138, 18, 7, 83, '2012-02-01 00:00:00.000000', 6730.0000),
	(34, 30, 29, 10, 19, '2013-03-30 00:00:00.000000', 8575.0000),
	(35, 235, 20, 5, 62, '2010-09-10 00:00:00.000000', 7734.0000),
	(36, 71, 69, 9, 60, '2015-06-08 00:00:00.000000', 6423.0000),
	(37, 220, 32, 11, 43, '2011-11-09 00:00:00.000000', 6970.0000),
	(38, 153, 1, 6, 20, '2010-05-25 00:00:00.000000', 6699.0000),
	(39, 205, 63, 8, 69, '2015-12-18 00:00:00.000000', 7573.0000),
	(40, 238, 65, 4, 47, '2013-09-13 00:00:00.000000', 6412.0000),
	(41, 144, 41, 2, 42, '2013-11-21 00:00:00.000000', 6031.0000),
	(42, 181, 54, 5, 50, '2011-03-03 00:00:00.000000', 7490.0000),
	(43, 196, 67, 1, 74, '2014-06-07 00:00:00.000000', 8249.0000),
	(44, 21, 66, 1, 35, '2015-10-29 00:00:00.000000', 7719.0000),
	(45, 90, 2, 2, 81, '2011-11-10 00:00:00.000000', 8862.0000),
	(46, 153, 42, 7, 45, '2010-05-25 00:00:00.000000', 7762.0000),
	(47, 12, 70, 1, 22, '2014-06-07 00:00:00.000000', 8781.0000),
	(48, 154, 10, 9, 63, '2015-12-15 00:00:00.000000', 7950.0000),
	(49, 186, 54, 10, 14, '2011-06-05 00:00:00.000000', 7421.0000),
	(50, 205, 37, 1, 9, '2015-12-18 00:00:00.000000', 5176.0000),
	(51, 237, 30, 3, 44, '2010-03-08 00:00:00.000000', 7680.0000),
	(52, 153, 64, 7, 30, '2010-05-25 00:00:00.000000', 8675.0000),
	(53, 223, 28, 11, 38, '2013-12-04 00:00:00.000000', 6221.0000),
	(54, 224, 16, 10, 54, '2012-07-04 00:00:00.000000', 6152.0000),
	(55, 113, 33, 7, 15, '2010-09-05 00:00:00.000000', 7605.0000),
	(56, 155, 71, 3, 94, '2010-12-08 00:00:00.000000', 5370.0000),
	(57, 50, 35, 7, 81, '2015-04-04 00:00:00.000000', 6169.0000),
	(58, 79, 50, 11, 58, '2010-11-18 00:00:00.000000', 5536.0000),
	(59, 127, 45, 1, 50, '2012-06-14 00:00:00.000000', 6260.0000),
	(60, 186, 40, 10, 22, '2011-06-05 00:00:00.000000', 8379.0000),
	(61, 83, 71, 3, 21, '2010-10-27 00:00:00.000000', 5615.0000),
	(62, 54, 56, 1, 21, '2010-01-27 00:00:00.000000', 7497.0000),
	(63, 26, 5, 5, 97, '2011-09-16 00:00:00.000000', 7199.0000),
	(64, 217, 17, 3, 41, '2012-02-05 00:00:00.000000', 2019.0000),
	(65, 161, 47, 5, 73, '2014-06-14 00:00:00.000000', 8360.0000),
	(66, 211, 69, 6, 97, '2015-06-28 00:00:00.000000', 7726.0000),
	(67, 218, 62, 9, 60, '2011-12-20 00:00:00.000000', 5961.0000),
	(68, 101, 26, 1, 42, '2011-08-12 00:00:00.000000', 5975.0000),
	(69, 129, 17, 3, 94, '2011-01-16 00:00:00.000000', 5513.0000),
	(70, 25, 40, 6, 18, '2010-11-27 00:00:00.000000', 4233.0000),
	(71, 68, 10, 3, 14, '2010-11-07 00:00:00.000000', 7240.0000),
	(72, 31, 21, 12, 59, '2010-06-13 00:00:00.000000', 5802.0000),
	(73, 77, 63, 8, 5, '2010-02-10 00:00:00.000000', 7692.0000),
	(74, 213, 8, 10, 11, '2015-07-09 00:00:00.000000', 7094.0000),
	(75, 203, 61, 1, 83, '2015-06-22 00:00:00.000000', 8177.0000),
	(76, 171, 32, 4, 43, '2010-05-27 00:00:00.000000', 8260.0000),
	(77, 113, 20, 1, 65, '2010-09-05 00:00:00.000000', 7670.0000),
	(78, 35, 45, 2, 9, '2013-12-29 00:00:00.000000', 5458.0000),
	(79, 40, 60, 1, 22, '2012-07-02 00:00:00.000000', 8822.0000),
	(80, 239, 8, 7, 45, '2015-04-25 00:00:00.000000', 6337.0000),
	(81, 234, 63, 9, 2, '2010-07-15 00:00:00.000000', 5578.0000),
	(82, 32, 48, 6, 61, '2015-04-22 00:00:00.000000', 7048.0000),
	(83, 118, 8, 7, 89, '2011-08-21 00:00:00.000000', 7668.0000),
	(84, 35, 59, 3, 70, '2013-12-29 00:00:00.000000', 5608.0000),
	(85, 122, 29, 1, 45, '2013-01-24 00:00:00.000000', 6959.0000),
	(86, 28, 25, 8, 8, '2014-05-09 00:00:00.000000', 8461.0000),
	(87, 210, 47, 4, 26, '2011-01-25 00:00:00.000000', 7468.0000),
	(88, 95, 67, 12, 16, '2013-02-08 00:00:00.000000', 8486.0000),
	(89, 64, 63, 8, 53, '2015-04-22 00:00:00.000000', 6573.0000),
	(90, 119, 46, 9, 45, '2011-06-08 00:00:00.000000', 6449.0000),
	(91, 51, 34, 3, 52, '2014-07-11 00:00:00.000000', 5639.0000),
	(92, 105, 57, 2, 14, '2015-06-08 00:00:00.000000', 9147.0000),
	(93, 19, 33, 2, 42, '2015-06-15 00:00:00.000000', 6651.0000),
	(94, 232, 54, 4, 46, '2013-04-11 00:00:00.000000', 7646.0000),
	(95, 81, 12, 6, 13, '2014-02-25 00:00:00.000000', 7787.0000),
	(96, 179, 38, 12, 61, '2013-12-20 00:00:00.000000', 6043.0000),
	(97, 71, 69, 12, 30, '2015-06-08 00:00:00.000000', 2512.0000),
	(98, 49, 14, 10, 66, '2013-01-19 00:00:00.000000', 6772.0000),
	(99, 204, 11, 5, 74, '2015-05-14 00:00:00.000000', 6976.0000),
	(100, 192, 65, 6, 32, '2012-06-16 00:00:00.000000', 6714.0000),
	(101, 164, 32, 1, 94, '2014-07-29 00:00:00.000000', 6869.0000),
	(102, 90, 68, 7, 87, '2011-11-10 00:00:00.000000', 6475.0000),
	(103, 112, 66, 4, 68, '2015-06-15 00:00:00.000000', 6257.0000),
	(104, 137, 65, 9, 82, '2013-05-17 00:00:00.000000', 7513.0000),
	(105, 72, 71, 12, 22, '2012-12-27 00:00:00.000000', 8020.0000),
	(106, 50, 6, 7, 29, '2015-04-04 00:00:00.000000', 6766.0000),
	(107, 180, 2, 5, 92, '2010-03-11 00:00:00.000000', 7348.0000),
	(108, 226, 42, 8, 93, '2014-09-05 00:00:00.000000', 7958.0000),
	(109, 139, 58, 10, 7, '2011-01-13 00:00:00.000000', 7313.0000),
	(110, 87, 9, 4, 61, '2011-11-10 00:00:00.000000', 6266.0000),
	(111, 20, 6, 11, 71, '2011-10-17 00:00:00.000000', 7682.0000),
	(112, 68, 40, 5, 46, '2010-11-07 00:00:00.000000', 7818.0000),
	(113, 90, 52, 8, 84, '2011-11-10 00:00:00.000000', 7828.0000),
	(114, 98, 35, 12, 60, '2015-07-30 00:00:00.000000', 7288.0000),
	(115, 212, 52, 6, 83, '2014-08-04 00:00:00.000000', 7314.0000),
	(116, 100, 27, 5, 30, '2013-05-31 00:00:00.000000', 9159.0000),
	(117, 8, 63, 10, 89, '2014-05-07 00:00:00.000000', 7220.0000),
	(118, 32, 59, 1, 56, '2013-03-16 00:00:00.000000', 8328.0000),
	(119, 170, 19, 2, 32, '2014-11-06 00:00:00.000000', 8063.0000),
	(120, 67, 5, 5, 30, '2015-11-09 00:00:00.000000', 8301.0000),
	(121, 214, 63, 4, 42, '2013-02-06 00:00:00.000000', 8012.0000),
	(122, 101, 12, 3, 51, '2011-08-12 00:00:00.000000', 4736.0000),
	(123, 161, 10, 10, 98, '2014-06-14 00:00:00.000000', 9405.0000),
	(124, 235, 3, 3, 37, '2010-09-10 00:00:00.000000', 5833.0000),
	(125, 231, 31, 5, 8, '2013-03-16 00:00:00.000000', 6782.0000),
	(126, 83, 3, 1, 98, '2010-10-27 00:00:00.000000', 7301.0000),
	(127, 139, 15, 12, 40, '2011-01-13 00:00:00.000000', 9331.0000),
	(128, 122, 40, 2, 92, '2013-01-24 00:00:00.000000', 8975.0000),
	(129, 119, 14, 3, 27, '2011-06-08 00:00:00.000000', 7693.0000),
	(130, 207, 64, 2, 77, '2015-04-29 00:00:00.000000', 6973.0000),
	(131, 218, 67, 2, 97, '2011-12-20 00:00:00.000000', 5653.0000),
	(132, 107, 24, 8, 37, '2014-10-22 00:00:00.000000', 9269.0000),
	(133, 235, 35, 12, 24, '2010-09-10 00:00:00.000000', 5274.0000),
	(134, 100, 11, 2, 12, '2013-05-31 00:00:00.000000', 8659.0000),
	(135, 1, 53, 2, 86, '2014-06-07 00:00:00.000000', 7013.0000),
	(136, 220, 27, 10, 15, '2011-11-09 00:00:00.000000', 7372.0000),
	(137, 31, 66, 3, 13, '2010-06-13 00:00:00.000000', 7114.0000),
	(138, 126, 6, 9, 38, '2012-04-30 00:00:00.000000', 7104.0000),
	(139, 167, 44, 5, 17, '2015-07-11 00:00:00.000000', 6216.0000),
	(140, 197, 41, 6, 91, '2014-04-12 00:00:00.000000', 5208.0000),
	(141, 12, 58, 6, 66, '2014-06-07 00:00:00.000000', 8240.0000),
	(142, 98, 69, 8, 83, '2015-07-30 00:00:00.000000', 8643.0000),
	(143, 205, 39, 11, 40, '2015-12-18 00:00:00.000000', 7992.0000),
	(144, 206, 36, 6, 21, '2013-03-27 00:00:00.000000', 8014.0000),
	(145, 9, 20, 4, 41, '2014-06-07 00:00:00.000000', 7709.0000),
	(146, 212, 37, 1, 17, '2014-08-04 00:00:00.000000', 6184.0000),
	(147, 59, 6, 12, 65, '2014-10-22 00:00:00.000000', 6428.0000),
	(148, 126, 17, 2, 93, '2012-04-30 00:00:00.000000', 5068.0000),
	(149, 119, 65, 10, 38, '2011-06-08 00:00:00.000000', 7207.0000),
	(150, 77, 64, 6, 32, '2010-02-10 00:00:00.000000', 6806.0000),
	(151, 187, 64, 10, 82, '2014-04-28 00:00:00.000000', 7480.0000),
	(152, 49, 23, 10, 13, '2013-01-19 00:00:00.000000', 8585.0000),
	(153, 54, 71, 5, 68, '2010-01-27 00:00:00.000000', 8036.0000),
	(154, 164, 65, 10, 49, '2014-07-29 00:00:00.000000', 8581.0000),
	(155, 79, 36, 11, 58, '2010-11-18 00:00:00.000000', 7972.0000),
	(156, 221, 66, 5, 6, '2013-11-28 00:00:00.000000', 8815.0000),
	(157, 214, 68, 11, 3, '2013-02-06 00:00:00.000000', 8587.0000),
	(158, 2, 50, 9, 9, '2014-09-11 00:00:00.000000', 8421.0000),
	(159, 201, 62, 1, 61, '2015-03-20 00:00:00.000000', 6765.0000),
	(160, 148, 24, 12, 87, '2014-02-10 00:00:00.000000', 6246.0000),
	(161, 17, 65, 8, 23, '2011-09-10 00:00:00.000000', 6921.0000),
	(162, 202, 30, 10, 77, '2015-04-16 00:00:00.000000', 7663.0000),
	(163, 11, 20, 6, 31, '2014-05-07 00:00:00.000000', 6293.0000),
	(164, 190, 39, 5, 55, '2013-11-21 00:00:00.000000', 8607.0000),
	(165, 196, 52, 5, 73, '2013-06-06 00:00:00.000000', 6775.0000),
	(166, 209, 2, 11, 29, '2011-03-24 00:00:00.000000', 7079.0000),
	(167, 4, 11, 10, 19, '2014-12-08 00:00:00.000000', 7108.0000),
	(168, 192, 40, 9, 13, '2012-06-16 00:00:00.000000', 7927.0000),
	(169, 69, 38, 4, 54, '2010-07-14 00:00:00.000000', 6520.0000),
	(170, 119, 36, 5, 86, '2011-06-08 00:00:00.000000', 8089.0000),
	(171, 69, 2, 12, 10, '2010-07-14 00:00:00.000000', 6461.0000),
	(172, 35, 31, 11, 64, '2013-12-29 00:00:00.000000', 3357.0000),
	(173, 208, 53, 10, 79, '2013-06-06 00:00:00.000000', 6646.0000),
	(174, 137, 44, 10, 45, '2013-05-17 00:00:00.000000', 6205.0000),
	(175, 120, 70, 10, 29, '2013-02-11 00:00:00.000000', 4076.0000),
	(176, 139, 16, 12, 46, '2011-01-13 00:00:00.000000', 6668.0000),
	(177, 212, 22, 3, 42, '2014-08-04 00:00:00.000000', 6465.0000),
	(178, 154, 30, 4, 16, '2015-12-15 00:00:00.000000', 7493.0000),
	(179, 168, 44, 3, 27, '2015-02-17 00:00:00.000000', 8026.0000),
	(180, 33, 46, 1, 64, '2014-01-11 00:00:00.000000', 7131.0000),
	(181, 178, 37, 7, 49, '2010-08-02 00:00:00.000000', 6942.0000),
	(182, 123, 21, 1, 84, '2010-06-19 00:00:00.000000', 7750.0000),
	(183, 139, 15, 7, 34, '2011-01-13 00:00:00.000000', 4570.0000),
	(184, 190, 57, 3, 11, '2013-11-21 00:00:00.000000', 6866.0000),
	(185, 68, 17, 6, 55, '2010-11-07 00:00:00.000000', 7231.0000),
	(186, 19, 19, 11, 76, '2012-07-03 00:00:00.000000', 5408.0000),
	(187, 59, 66, 6, 56, '2014-10-22 00:00:00.000000', 4017.0000),
	(188, 16, 70, 1, 81, '2015-12-01 00:00:00.000000', 7181.0000),
	(189, 98, 53, 7, 19, '2015-07-30 00:00:00.000000', 8695.0000),
	(190, 63, 45, 7, 89, '2012-07-03 00:00:00.000000', 5384.0000),
	(191, 203, 42, 2, 65, '2015-06-22 00:00:00.000000', 4048.0000),
	(192, 14, 50, 4, 99, '2012-10-29 00:00:00.000000', 7527.0000),
	(193, 18, 71, 7, 62, '2015-04-03 00:00:00.000000', 7622.0000),
	(194, 111, 26, 3, 70, '2012-01-27 00:00:00.000000', 7373.0000),
	(195, 79, 21, 10, 14, '2010-11-18 00:00:00.000000', 6279.0000),
	(196, 48, 34, 3, 42, '2013-07-11 00:00:00.000000', 5515.0000),
	(197, 232, 28, 6, 84, '2013-04-11 00:00:00.000000', 2934.0000),
	(198, 148, 44, 1, 97, '2014-02-10 00:00:00.000000', 6762.0000),
	(199, 223, 3, 4, 89, '2013-12-04 00:00:00.000000', 7206.0000),
	(200, 101, 48, 11, 10, '2011-08-12 00:00:00.000000', 4377.0000),
	(201, 189, 25, 2, 52, '2012-10-03 00:00:00.000000', 7758.0000),
	(202, 59, 27, 10, 88, '2014-10-22 00:00:00.000000', 7220.0000),
	(203, 108, 6, 12, 9, '2013-05-08 00:00:00.000000', 8402.0000),
	(204, 127, 16, 10, 42, '2012-06-14 00:00:00.000000', 7838.0000),
	(205, 203, 33, 7, 73, '2015-06-22 00:00:00.000000', 6426.0000),
	(206, 8, 64, 4, 52, '2014-05-07 00:00:00.000000', 7871.0000),
	(207, 213, 23, 9, 68, '2015-07-09 00:00:00.000000', 7206.0000),
	(208, 228, 44, 7, 54, '2012-01-17 00:00:00.000000', 4775.0000),
	(209, 35, 22, 12, 15, '2013-12-29 00:00:00.000000', 7097.0000),
	(210, 214, 61, 11, 19, '2013-02-06 00:00:00.000000', 7548.0000),
	(211, 226, 25, 2, 6, '2014-09-05 00:00:00.000000', 9021.0000),
	(212, 159, 5, 6, 1, '2012-06-11 00:00:00.000000', 7462.0000),
	(213, 51, 51, 2, 92, '2014-07-11 00:00:00.000000', 7266.0000),
	(214, 181, 60, 9, 11, '2011-03-03 00:00:00.000000', 7189.0000),
	(215, 98, 35, 11, 23, '2015-07-30 00:00:00.000000', 4673.0000),
	(216, 171, 49, 5, 68, '2010-05-27 00:00:00.000000', 8195.0000),
	(217, 67, 30, 3, 44, '2015-11-09 00:00:00.000000', 8389.0000),
	(218, 12, 6, 7, 93, '2014-06-07 00:00:00.000000', 6844.0000),
	(219, 238, 38, 3, 55, '2013-09-13 00:00:00.000000', 9209.0000),
	(220, 65, 21, 9, 55, '2014-09-28 00:00:00.000000', 7043.0000),
	(221, 124, 29, 4, 28, '2012-01-24 00:00:00.000000', 7014.0000),
	(222, 181, 63, 9, 5, '2011-03-03 00:00:00.000000', 6131.0000),
	(223, 125, 42, 5, 43, '2011-11-17 00:00:00.000000', 4637.0000),
	(224, 90, 9, 5, 17, '2011-11-10 00:00:00.000000', 8417.0000),
	(225, 112, 41, 3, 77, '2015-06-15 00:00:00.000000', 9541.0000),
	(226, 1, 8, 1, 82, '2014-06-07 00:00:00.000000', 6959.0000),
	(227, 33, 21, 11, 94, '2014-01-11 00:00:00.000000', 8100.0000),
	(228, 232, 71, 8, 67, '2013-04-11 00:00:00.000000', 5927.0000),
	(229, 54, 64, 12, 90, '2010-01-27 00:00:00.000000', 7733.0000),
	(230, 21, 43, 2, 33, '2015-10-29 00:00:00.000000', 6335.0000),
	(231, 214, 22, 9, 61, '2013-02-06 00:00:00.000000', 8120.0000),
	(232, 108, 40, 1, 73, '2013-05-08 00:00:00.000000', 6690.0000),
	(233, 154, 13, 8, 13, '2015-12-15 00:00:00.000000', 6414.0000),
	(234, 125, 70, 5, 99, '2011-11-17 00:00:00.000000', 4825.0000),
	(235, 221, 5, 2, 30, '2013-11-28 00:00:00.000000', 7659.0000),
	(236, 141, 5, 1, 1, '2014-10-29 00:00:00.000000', 7680.0000),
	(237, 121, 37, 6, 10, '2012-10-02 00:00:00.000000', 6364.0000),
	(238, 221, 21, 4, 39, '2013-11-28 00:00:00.000000', 7099.0000),
	(239, 93, 68, 7, 79, '2012-10-02 00:00:00.000000', 8551.0000),
	(240, 15, 71, 9, 34, '2015-10-10 00:00:00.000000', 6034.0000),
	(241, 58, 18, 9, 5, '2012-10-02 00:00:00.000000', 5238.0000),
	(242, 50, 69, 12, 52, '2015-04-04 00:00:00.000000', 5571.0000),
	(243, 95, 32, 9, 70, '2013-02-08 00:00:00.000000', 5743.0000),
	(244, 168, 43, 1, 46, '2015-02-17 00:00:00.000000', 7104.0000),
	(245, 200, 15, 1, 70, '2011-11-09 00:00:00.000000', 7548.0000),
	(246, 169, 15, 12, 57, '2015-03-07 00:00:00.000000', 6976.0000),
	(247, 192, 14, 7, 24, '2012-06-16 00:00:00.000000', 7170.0000),
	(248, 151, 44, 3, 26, '2013-10-11 00:00:00.000000', 7202.0000),
	(249, 182, 54, 7, 8, '2012-04-02 00:00:00.000000', 7373.0000),
	(250, 79, 52, 9, 32, '2010-11-18 00:00:00.000000', 7163.0000),
	(251, 10, 56, 5, 81, '2014-12-08 00:00:00.000000', 8285.0000),
	(252, 122, 15, 4, 12, '2013-01-24 00:00:00.000000', 5706.0000),
	(253, 151, 69, 3, 22, '2013-10-11 00:00:00.000000', 7155.0000),
	(254, 124, 54, 6, 76, '2012-01-24 00:00:00.000000', 5918.0000),
	(255, 162, 27, 9, 13, '2013-12-12 00:00:00.000000', 5237.0000),
	(256, 177, 4, 11, 25, '2011-05-09 00:00:00.000000', 5731.0000),
	(257, 23, 61, 12, 15, '2012-02-03 00:00:00.000000', 7866.0000),
	(258, 7, 25, 6, 29, '2014-12-08 00:00:00.000000', 7477.0000),
	(259, 157, 45, 5, 48, '2013-06-29 00:00:00.000000', 8822.0000),
	(260, 194, 30, 4, 81, '2011-02-18 00:00:00.000000', 7181.0000),
	(261, 23, 6, 7, 95, '2012-02-03 00:00:00.000000', 5531.0000),
	(262, 207, 19, 7, 89, '2015-04-29 00:00:00.000000', 4710.0000),
	(263, 129, 6, 2, 36, '2011-01-16 00:00:00.000000', 7118.0000),
	(264, 240, 66, 4, 98, '2012-09-13 00:00:00.000000', 7640.0000),
	(265, 75, 46, 7, 3, '2015-05-17 00:00:00.000000', 5927.0000),
	(266, 197, 11, 1, 53, '2014-04-12 00:00:00.000000', 7513.0000),
	(267, 148, 67, 9, 17, '2014-02-10 00:00:00.000000', 6916.0000),
	(268, 141, 30, 12, 49, '2014-10-29 00:00:00.000000', 8714.0000),
	(269, 45, 37, 9, 59, '2014-06-27 00:00:00.000000', 7763.0000),
	(270, 55, 45, 9, 92, '2010-03-13 00:00:00.000000', 7672.0000),
	(271, 46, 10, 12, 40, '2012-05-25 00:00:00.000000', 6133.0000),
	(272, 60, 45, 10, 85, '2015-10-07 00:00:00.000000', 8280.0000),
	(273, 229, 67, 9, 74, '2014-08-04 00:00:00.000000', 6275.0000),
	(274, 181, 50, 11, 86, '2011-03-03 00:00:00.000000', 8519.0000),
	(275, 132, 47, 4, 72, '2010-10-19 00:00:00.000000', 6158.0000),
	(276, 181, 55, 4, 10, '2011-03-03 00:00:00.000000', 7868.0000),
	(277, 151, 34, 1, 95, '2013-10-11 00:00:00.000000', 7800.0000),
	(278, 182, 18, 5, 94, '2012-04-02 00:00:00.000000', 7984.0000),
	(279, 40, 53, 11, 39, '2012-07-02 00:00:00.000000', 7305.0000),
	(280, 144, 6, 10, 50, '2013-11-21 00:00:00.000000', 9490.0000),
	(281, 118, 61, 2, 41, '2011-08-21 00:00:00.000000', 6481.0000),
	(282, 81, 66, 4, 16, '2014-02-25 00:00:00.000000', 5740.0000),
	(283, 21, 4, 11, 26, '2015-10-29 00:00:00.000000', 7594.0000),
	(284, 181, 50, 3, 33, '2011-03-03 00:00:00.000000', 6295.0000),
	(285, 2, 49, 10, 54, '2014-09-11 00:00:00.000000', 8699.0000),
	(286, 238, 20, 11, 95, '2013-09-13 00:00:00.000000', 8428.0000),
	(287, 145, 29, 12, 73, '2015-03-21 00:00:00.000000', 6890.0000),
	(288, 129, 39, 8, 7, '2011-01-16 00:00:00.000000', 5835.0000),
	(289, 151, 52, 5, 40, '2013-10-11 00:00:00.000000', 8152.0000),
	(290, 53, 19, 4, 13, '2012-10-02 00:00:00.000000', 7520.0000),
	(291, 147, 45, 1, 99, '2012-10-02 00:00:00.000000', 7499.0000),
	(292, 23, 2, 2, 75, '2012-02-03 00:00:00.000000', 5010.0000),
	(293, 157, 71, 5, 4, '2013-06-29 00:00:00.000000', 6424.0000),
	(294, 188, 24, 5, 14, '2012-10-02 00:00:00.000000', 6758.0000),
	(295, 164, 8, 6, 38, '2014-07-29 00:00:00.000000', 4837.0000),
	(296, 212, 12, 9, 86, '2014-08-04 00:00:00.000000', 7560.0000),
	(297, 105, 54, 7, 38, '2012-10-02 00:00:00.000000', 8720.0000),
	(298, 198, 10, 4, 29, '2014-10-11 00:00:00.000000', 5465.0000),
	(299, 163, 3, 9, 28, '2011-05-12 00:00:00.000000', 6478.0000),
	(300, 166, 17, 7, 39, '2011-07-23 00:00:00.000000', 6461.0000),
	(301, 128, 24, 6, 8, '2014-02-12 00:00:00.000000', 7811.0000),
	(302, 237, 1, 2, 22, '2010-03-08 00:00:00.000000', 7396.0000),
	(303, 159, 12, 7, 68, '2012-06-11 00:00:00.000000', 8706.0000),
	(304, 225, 71, 8, 25, '2012-05-30 00:00:00.000000', 7772.0000),
	(305, 24, 18, 4, 71, '2012-10-02 00:00:00.000000', 9257.0000),
	(306, 114, 60, 7, 62, '2014-07-22 00:00:00.000000', 7947.0000),
	(307, 26, 18, 9, 90, '2011-09-16 00:00:00.000000', 8807.0000),
	(308, 116, 9, 9, 10, '2012-11-13 00:00:00.000000', 6179.0000),
	(309, 143, 15, 12, 41, '2013-05-05 00:00:00.000000', 8558.0000),
	(310, 37, 39, 1, 2, '2010-10-30 00:00:00.000000', 5403.0000),
	(311, 220, 43, 3, 40, '2011-11-09 00:00:00.000000', 8098.0000),
	(312, 170, 11, 10, 6, '2014-11-06 00:00:00.000000', 7614.0000),
	(313, 233, 22, 1, 64, '2014-03-18 00:00:00.000000', 6480.0000),
	(314, 138, 70, 4, 35, '2012-02-01 00:00:00.000000', 8130.0000),
	(315, 56, 53, 4, 71, '2013-11-24 00:00:00.000000', 6754.0000),
	(316, 127, 9, 6, 71, '2012-06-14 00:00:00.000000', 5547.0000),
	(317, 98, 7, 9, 1, '2015-07-30 00:00:00.000000', 5473.0000),
	(318, 150, 28, 2, 44, '2014-04-29 00:00:00.000000', 4300.0000),
	(319, 117, 3, 12, 35, '2013-08-20 00:00:00.000000', 8552.0000),
	(320, 120, 42, 9, 42, '2013-02-11 00:00:00.000000', 6398.0000),
	(321, 202, 62, 3, 59, '2015-04-16 00:00:00.000000', 5240.0000),
	(322, 151, 38, 12, 60, '2013-10-11 00:00:00.000000', 8202.0000),
	(323, 10, 28, 12, 43, '2014-12-08 00:00:00.000000', 8119.0000),
	(324, 122, 9, 1, 16, '2013-01-24 00:00:00.000000', 5832.0000);
/*!40000 ALTER TABLE `users_games` ENABLE KEYS */;



CREATE TABLE IF NOT EXISTS `user_game_items` (
  `item_id` int(10) NOT NULL,
  `user_game_id` int(10) NOT NULL,
  PRIMARY KEY (`item_id`,`user_game_id`),
  UNIQUE KEY `PK_UserGameItems` (`item_id`,`user_game_id`),
  KEY `fk_user_game_Items_user_games` (`user_game_id`),
  CONSTRAINT `fk_user_game_Items_items` FOREIGN KEY (`item_id`) REFERENCES `items` (`id`),
  CONSTRAINT `fk_user_game_Items_user_games` FOREIGN KEY (`user_game_id`) REFERENCES `users_games` (`id`)
) ENGINE=InnoDB DEFAULT CHARSET=utf8;


/*!40000 ALTER TABLE `user_game_items` DISABLE KEYS */;
INSERT INTO `user_game_items` (`item_id`, `user_game_id`) VALUES
	(18, 1),
	(37, 1),
	(150, 1),
	(163, 1),
	(274, 1),
	(396, 1),
	(455, 1),
	(519, 1),
	(53, 2),
	(90, 2),
	(152, 2),
	(184, 2),
	(206, 2),
	(208, 2),
	(226, 2),
	(261, 2),
	(268, 2),
	(312, 2),
	(395, 2),
	(426, 2),
	(476, 2),
	(2, 3),
	(63, 3),
	(158, 3),
	(336, 3),
	(429, 3),
	(466, 3),
	(110, 4),
	(194, 4),
	(224, 4),
	(248, 4),
	(261, 4),
	(472, 4),
	(526, 4),
	(226, 5),
	(269, 5),
	(372, 5),
	(378, 5),
	(400, 5),
	(482, 5),
	(11, 6),
	(81, 6),
	(95, 6),
	(97, 6),
	(112, 6),
	(143, 6),
	(450, 6),
	(5, 7),
	(72, 7),
	(187, 7),
	(335, 7),
	(404, 7),
	(481, 7),
	(548, 7),
	(576, 7),
	(243, 8),
	(264, 8),
	(280, 8),
	(295, 8),
	(297, 8),
	(314, 8),
	(356, 8),
	(558, 8),
	(572, 8),
	(68, 9),
	(76, 9),
	(143, 9),
	(144, 9),
	(170, 9),
	(251, 9),
	(531, 9),
	(545, 9),
	(14, 10),
	(16, 10),
	(21, 10),
	(84, 10),
	(205, 10),
	(263, 10),
	(275, 10),
	(315, 10),
	(494, 10),
	(570, 10),
	(573, 10),
	(40, 11),
	(143, 11),
	(378, 11),
	(418, 11),
	(516, 11),
	(536, 11),
	(554, 11),
	(35, 12),
	(59, 12),
	(138, 12),
	(225, 12),
	(409, 12),
	(566, 12),
	(83, 13),
	(136, 13),
	(283, 13),
	(296, 13),
	(561, 13),
	(215, 14),
	(251, 14),
	(272, 14),
	(280, 14),
	(333, 14),
	(376, 14),
	(446, 14),
	(521, 14),
	(5, 15),
	(241, 15),
	(344, 15),
	(346, 15),
	(376, 15),
	(385, 15),
	(4, 16),
	(12, 16),
	(19, 16),
	(82, 16),
	(109, 16),
	(173, 16),
	(196, 16),
	(202, 16),
	(331, 16),
	(361, 16),
	(481, 16),
	(301, 17),
	(340, 17),
	(485, 17),
	(129, 18),
	(154, 18),
	(242, 18),
	(322, 18),
	(360, 18),
	(171, 19),
	(303, 19),
	(359, 19),
	(463, 19),
	(533, 19),
	(24, 20),
	(63, 20),
	(201, 20),
	(208, 20),
	(410, 20),
	(491, 20),
	(509, 20),
	(7, 21),
	(65, 21),
	(84, 21),
	(124, 21),
	(132, 21),
	(192, 21),
	(380, 21),
	(517, 21),
	(556, 21),
	(21, 22),
	(50, 22),
	(113, 22),
	(120, 22),
	(141, 22),
	(157, 22),
	(249, 22),
	(326, 22),
	(329, 22),
	(427, 22),
	(446, 22),
	(480, 22),
	(18, 23),
	(407, 23),
	(436, 23),
	(445, 23),
	(446, 23),
	(516, 23),
	(146, 24),
	(494, 24),
	(36, 25),
	(181, 25),
	(190, 25),
	(309, 25),
	(336, 25),
	(502, 25),
	(533, 25),
	(314, 26),
	(364, 26),
	(376, 26),
	(489, 26),
	(322, 27),
	(452, 27),
	(510, 27),
	(27, 28),
	(149, 28),
	(273, 28),
	(466, 28),
	(34, 29),
	(169, 29),
	(233, 29),
	(291, 29),
	(462, 29),
	(543, 29),
	(556, 29),
	(95, 30),
	(297, 30),
	(347, 30),
	(394, 30),
	(409, 30),
	(554, 30),
	(571, 30),
	(81, 31),
	(169, 31),
	(219, 31),
	(292, 31),
	(338, 31),
	(573, 31),
	(207, 32),
	(258, 32),
	(576, 32),
	(1, 33),
	(55, 33),
	(57, 33),
	(119, 33),
	(201, 33),
	(364, 33),
	(459, 33),
	(528, 33),
	(564, 33),
	(44, 34),
	(51, 34),
	(310, 34),
	(55, 35),
	(67, 35),
	(154, 35),
	(309, 35),
	(382, 35),
	(569, 35),
	(24, 36),
	(137, 36),
	(180, 36),
	(191, 36),
	(239, 36),
	(397, 36),
	(530, 36),
	(2, 37),
	(79, 37),
	(98, 37),
	(120, 37),
	(159, 37),
	(427, 37),
	(434, 37),
	(26, 38),
	(94, 38),
	(118, 38),
	(148, 38),
	(153, 38),
	(311, 38),
	(474, 38),
	(500, 38),
	(515, 38),
	(88, 39),
	(143, 39),
	(192, 39),
	(312, 39),
	(353, 39),
	(382, 39),
	(396, 39),
	(553, 39),
	(28, 40),
	(30, 40),
	(92, 40),
	(157, 40),
	(219, 40),
	(265, 40),
	(383, 40),
	(416, 40),
	(443, 40),
	(35, 41),
	(52, 41),
	(70, 41),
	(177, 41),
	(213, 41),
	(247, 41),
	(422, 41),
	(424, 41),
	(460, 41),
	(469, 41),
	(570, 41),
	(223, 42),
	(256, 42),
	(278, 42),
	(344, 42),
	(401, 42),
	(495, 42),
	(517, 42),
	(4, 43),
	(140, 43),
	(274, 43),
	(385, 43),
	(417, 43),
	(456, 43),
	(482, 43),
	(84, 44),
	(114, 44),
	(119, 44),
	(139, 44),
	(345, 44),
	(412, 44),
	(437, 44),
	(513, 44),
	(1, 45),
	(394, 45),
	(411, 45),
	(64, 46),
	(76, 46),
	(122, 46),
	(223, 46),
	(332, 46),
	(455, 46),
	(179, 47),
	(291, 47),
	(492, 47),
	(118, 48),
	(176, 48),
	(199, 48),
	(307, 48),
	(402, 48),
	(403, 48),
	(534, 48),
	(26, 49),
	(44, 49),
	(185, 49),
	(227, 49),
	(237, 49),
	(425, 49),
	(506, 49),
	(517, 49),
	(562, 49),
	(58, 50),
	(183, 50),
	(203, 50),
	(215, 50),
	(246, 50),
	(399, 50),
	(445, 50),
	(472, 50),
	(515, 50),
	(550, 50),
	(564, 50),
	(184, 51),
	(233, 51),
	(237, 51),
	(415, 51),
	(418, 51),
	(464, 51),
	(472, 51),
	(85, 52),
	(245, 52),
	(275, 52),
	(288, 52),
	(369, 52),
	(483, 52),
	(550, 52),
	(13, 53),
	(44, 53),
	(57, 53),
	(70, 53),
	(151, 53),
	(305, 53),
	(310, 53),
	(360, 53),
	(380, 53),
	(567, 53),
	(34, 54),
	(35, 54),
	(179, 54),
	(203, 54),
	(446, 54),
	(463, 54),
	(473, 54),
	(503, 54),
	(520, 54),
	(35, 55),
	(91, 55),
	(228, 55),
	(275, 55),
	(407, 55),
	(416, 55),
	(113, 56),
	(123, 56),
	(224, 56),
	(303, 56),
	(387, 56),
	(388, 56),
	(451, 56),
	(454, 56),
	(526, 56),
	(6, 57),
	(29, 57),
	(59, 57),
	(78, 57),
	(90, 57),
	(150, 57),
	(209, 57),
	(212, 57),
	(233, 57),
	(418, 57),
	(509, 57),
	(525, 57),
	(531, 57),
	(573, 57),
	(18, 58),
	(26, 58),
	(87, 58),
	(93, 58),
	(307, 58),
	(354, 58),
	(358, 58),
	(408, 58),
	(508, 58),
	(529, 58),
	(571, 58),
	(42, 59),
	(53, 59),
	(189, 59),
	(223, 59),
	(253, 59),
	(461, 59),
	(511, 59),
	(59, 60),
	(85, 60),
	(176, 60),
	(345, 60),
	(485, 60),
	(104, 61),
	(164, 61),
	(221, 61),
	(222, 61),
	(269, 61),
	(349, 61),
	(367, 61),
	(516, 61),
	(538, 61),
	(553, 61),
	(15, 62),
	(152, 62),
	(193, 62),
	(408, 62),
	(461, 62),
	(6, 63),
	(62, 63),
	(67, 63),
	(76, 63),
	(306, 63),
	(375, 63),
	(437, 63),
	(509, 63),
	(559, 63),
	(30, 64),
	(55, 64),
	(119, 64),
	(150, 64),
	(156, 64),
	(235, 64),
	(282, 64),
	(301, 64),
	(344, 64),
	(360, 64),
	(386, 64),
	(440, 64),
	(457, 64),
	(468, 64),
	(537, 64),
	(570, 64),
	(142, 65),
	(261, 65),
	(276, 65),
	(296, 65),
	(548, 65),
	(16, 66),
	(21, 66),
	(149, 66),
	(456, 66),
	(529, 66),
	(569, 66),
	(32, 67),
	(56, 67),
	(74, 67),
	(132, 67),
	(201, 67),
	(293, 67),
	(378, 67),
	(517, 67),
	(540, 67),
	(14, 68),
	(18, 68),
	(122, 68),
	(130, 68),
	(140, 68),
	(168, 68),
	(284, 68),
	(347, 68),
	(391, 68),
	(537, 68),
	(547, 68),
	(39, 69),
	(46, 69),
	(71, 69),
	(290, 69),
	(329, 69),
	(342, 69),
	(407, 69),
	(422, 69),
	(497, 69),
	(547, 69),
	(577, 69),
	(112, 70),
	(125, 70),
	(162, 70),
	(173, 70),
	(232, 70),
	(316, 70),
	(376, 70),
	(450, 70),
	(490, 70),
	(501, 70),
	(521, 70),
	(532, 70),
	(540, 70),
	(546, 70),
	(103, 71),
	(162, 71),
	(251, 71),
	(321, 71),
	(357, 71),
	(92, 72),
	(102, 72),
	(115, 72),
	(125, 72),
	(336, 72),
	(346, 72),
	(353, 72),
	(368, 72),
	(448, 72),
	(561, 72),
	(190, 73),
	(273, 73),
	(335, 73),
	(448, 73),
	(475, 73),
	(500, 73),
	(87, 74),
	(203, 74),
	(253, 74),
	(446, 74),
	(452, 74),
	(453, 74),
	(467, 74),
	(71, 75),
	(144, 75),
	(149, 75),
	(162, 75),
	(304, 75),
	(435, 75),
	(134, 76),
	(351, 76),
	(411, 76),
	(491, 76),
	(499, 76),
	(127, 77),
	(213, 77),
	(243, 77),
	(268, 77),
	(309, 77),
	(468, 77),
	(480, 77),
	(539, 77),
	(38, 78),
	(80, 78),
	(136, 78),
	(206, 78),
	(210, 78),
	(235, 78),
	(239, 78),
	(245, 78),
	(280, 78),
	(468, 78),
	(496, 78),
	(531, 78),
	(576, 78),
	(1, 79),
	(464, 79),
	(37, 80),
	(45, 80),
	(159, 80),
	(299, 80),
	(326, 80),
	(379, 80),
	(454, 80),
	(480, 80),
	(538, 80),
	(147, 81),
	(193, 81),
	(214, 81),
	(226, 81),
	(314, 81),
	(334, 81),
	(338, 81),
	(379, 81),
	(419, 81),
	(518, 81),
	(548, 81),
	(47, 82),
	(76, 82),
	(228, 82),
	(295, 82),
	(348, 82),
	(404, 82),
	(557, 82),
	(123, 83),
	(184, 83),
	(505, 83),
	(530, 83),
	(571, 83),
	(20, 84),
	(49, 84),
	(56, 84),
	(141, 84),
	(168, 84),
	(221, 84),
	(270, 84),
	(324, 84),
	(350, 84),
	(422, 84),
	(496, 84),
	(514, 84),
	(552, 84),
	(554, 84),
	(569, 84),
	(53, 85),
	(219, 85),
	(231, 85),
	(328, 85),
	(403, 85),
	(487, 85),
	(491, 85),
	(66, 86),
	(116, 86),
	(242, 86),
	(370, 86),
	(454, 86),
	(65, 87),
	(140, 87),
	(357, 87),
	(388, 87),
	(390, 87),
	(400, 87),
	(41, 88),
	(102, 88),
	(109, 88),
	(117, 88),
	(147, 89),
	(158, 89),
	(345, 89),
	(360, 89),
	(389, 89),
	(393, 89),
	(395, 89),
	(417, 89),
	(4, 90),
	(74, 90),
	(78, 90),
	(135, 90),
	(296, 90),
	(302, 90),
	(526, 90),
	(554, 90),
	(68, 91),
	(119, 91),
	(126, 91),
	(187, 91),
	(255, 91),
	(314, 91),
	(324, 91),
	(371, 91),
	(450, 91),
	(453, 91),
	(546, 91),
	(550, 91),
	(125, 92),
	(349, 92),
	(425, 92),
	(480, 92),
	(501, 92),
	(56, 93),
	(57, 93),
	(106, 93),
	(299, 93),
	(424, 93),
	(474, 93),
	(493, 93),
	(496, 93),
	(4, 94),
	(58, 94),
	(210, 94),
	(213, 94),
	(253, 94),
	(291, 94),
	(1, 95),
	(109, 95),
	(138, 95),
	(153, 95),
	(188, 95),
	(260, 95),
	(369, 95),
	(530, 95),
	(4, 96),
	(184, 96),
	(231, 96),
	(371, 96),
	(421, 96),
	(423, 96),
	(515, 96),
	(43, 97),
	(48, 97),
	(79, 97),
	(116, 97),
	(184, 97),
	(204, 97),
	(206, 97),
	(212, 97),
	(238, 97),
	(303, 97),
	(367, 97),
	(424, 97),
	(432, 97),
	(446, 97),
	(449, 97),
	(574, 97),
	(38, 98),
	(207, 98),
	(349, 98),
	(380, 98),
	(419, 98),
	(448, 98),
	(569, 98),
	(11, 99),
	(195, 99),
	(393, 99),
	(448, 99),
	(460, 99),
	(477, 99),
	(27, 100),
	(40, 100),
	(108, 100),
	(128, 100),
	(147, 100),
	(169, 100),
	(225, 100),
	(378, 100),
	(537, 100),
	(21, 101),
	(63, 101),
	(166, 101),
	(290, 101),
	(509, 101),
	(511, 101),
	(546, 101),
	(563, 101),
	(18, 102),
	(74, 102),
	(158, 102),
	(205, 102),
	(290, 102),
	(339, 102),
	(420, 102),
	(474, 102),
	(79, 103),
	(181, 103),
	(199, 103),
	(289, 103),
	(319, 103),
	(361, 103),
	(439, 103),
	(470, 103),
	(502, 103),
	(18, 104),
	(96, 104),
	(124, 104),
	(126, 104),
	(365, 104),
	(497, 104),
	(530, 104),
	(71, 105),
	(444, 105),
	(542, 105),
	(571, 105),
	(12, 106),
	(95, 106),
	(104, 106),
	(155, 106),
	(256, 106),
	(335, 106),
	(427, 106),
	(467, 106),
	(74, 107),
	(97, 107),
	(200, 107),
	(311, 107),
	(561, 107),
	(49, 108),
	(302, 108),
	(396, 108),
	(416, 108),
	(445, 108),
	(75, 109),
	(167, 109),
	(168, 109),
	(197, 109),
	(338, 109),
	(499, 109),
	(502, 109),
	(6, 110),
	(10, 110),
	(17, 110),
	(122, 110),
	(320, 110),
	(338, 110),
	(341, 110),
	(374, 110),
	(460, 110),
	(466, 110),
	(526, 110),
	(46, 111),
	(67, 111),
	(227, 111),
	(234, 111),
	(328, 111),
	(381, 111),
	(401, 111),
	(538, 111),
	(149, 112),
	(177, 112),
	(274, 112),
	(326, 112),
	(494, 112),
	(532, 112),
	(51, 113),
	(192, 113),
	(321, 113),
	(324, 113),
	(343, 113),
	(460, 113),
	(487, 113),
	(76, 114),
	(90, 114),
	(172, 114),
	(185, 114),
	(279, 114),
	(303, 114),
	(70, 115),
	(131, 115),
	(152, 115),
	(206, 115),
	(465, 115),
	(494, 115),
	(498, 115),
	(6, 116),
	(242, 116),
	(501, 116),
	(518, 116),
	(21, 117),
	(185, 117),
	(244, 117),
	(267, 117),
	(314, 117),
	(418, 117),
	(423, 117),
	(525, 117),
	(22, 118),
	(37, 118),
	(74, 118),
	(272, 118),
	(341, 118),
	(441, 118),
	(18, 119),
	(83, 119),
	(432, 119),
	(439, 119),
	(469, 119),
	(7, 120),
	(47, 120),
	(267, 120),
	(319, 120),
	(418, 120),
	(80, 121),
	(145, 121),
	(363, 121),
	(486, 121),
	(16, 122),
	(46, 122),
	(132, 122),
	(178, 122),
	(210, 122),
	(212, 122),
	(224, 122),
	(232, 122),
	(234, 122),
	(272, 122),
	(354, 122),
	(433, 122),
	(575, 122),
	(123, 123),
	(173, 123),
	(161, 124),
	(175, 124),
	(210, 124),
	(224, 124),
	(256, 124),
	(348, 124),
	(425, 124),
	(495, 124),
	(500, 124),
	(538, 124),
	(16, 125),
	(55, 125),
	(153, 125),
	(279, 125),
	(350, 125),
	(364, 125),
	(375, 125),
	(394, 125),
	(453, 125),
	(521, 125),
	(258, 126),
	(438, 126),
	(491, 126),
	(513, 126),
	(542, 126),
	(544, 126),
	(88, 127),
	(348, 127),
	(569, 127),
	(24, 128),
	(71, 128),
	(148, 128),
	(236, 128),
	(364, 128),
	(13, 129),
	(131, 129),
	(250, 129),
	(313, 129),
	(320, 129),
	(384, 129),
	(395, 129),
	(146, 130),
	(184, 130),
	(285, 130),
	(288, 130),
	(348, 130),
	(390, 130),
	(394, 130),
	(427, 130),
	(467, 130),
	(56, 131),
	(67, 131),
	(82, 131),
	(117, 131),
	(167, 131),
	(208, 131),
	(213, 131),
	(220, 131),
	(308, 131),
	(458, 131),
	(569, 131),
	(235, 132),
	(240, 132),
	(496, 132),
	(67, 133),
	(71, 133),
	(139, 133),
	(199, 133),
	(212, 133),
	(324, 133),
	(363, 133),
	(367, 133),
	(369, 133),
	(407, 133),
	(429, 133),
	(522, 133),
	(576, 133),
	(45, 134),
	(77, 134),
	(94, 134),
	(470, 134),
	(483, 134),
	(55, 135),
	(409, 135),
	(477, 135),
	(481, 135),
	(504, 135),
	(576, 135),
	(37, 136),
	(57, 136),
	(81, 136),
	(151, 136),
	(537, 136),
	(558, 136),
	(559, 136),
	(576, 136),
	(38, 137),
	(152, 137),
	(251, 137),
	(544, 137),
	(545, 137),
	(576, 137),
	(2, 138),
	(42, 138),
	(113, 138),
	(158, 138),
	(174, 138),
	(226, 138),
	(325, 138),
	(388, 138),
	(455, 138),
	(18, 139),
	(171, 139),
	(178, 139),
	(391, 139),
	(430, 139),
	(464, 139),
	(548, 139),
	(566, 139),
	(15, 140),
	(49, 140),
	(239, 140),
	(251, 140),
	(279, 140),
	(289, 140),
	(352, 140),
	(372, 140),
	(399, 140),
	(527, 140),
	(55, 141),
	(70, 141),
	(84, 141),
	(447, 141),
	(464, 141),
	(494, 141),
	(36, 142),
	(396, 142),
	(543, 142),
	(110, 143),
	(131, 143),
	(270, 143),
	(310, 143),
	(411, 143),
	(450, 143),
	(466, 143),
	(126, 144),
	(154, 144),
	(230, 144),
	(259, 144),
	(529, 144),
	(16, 145),
	(223, 145),
	(234, 145),
	(279, 145),
	(466, 145),
	(488, 145),
	(101, 146),
	(189, 146),
	(231, 146),
	(361, 146),
	(390, 146),
	(423, 146),
	(452, 146),
	(555, 146),
	(21, 147),
	(51, 147),
	(126, 147),
	(210, 147),
	(299, 147),
	(424, 147),
	(568, 147),
	(18, 148),
	(58, 148),
	(141, 148),
	(247, 148),
	(366, 148),
	(427, 148),
	(429, 148),
	(457, 148),
	(469, 148),
	(158, 149),
	(220, 149),
	(471, 149),
	(518, 149),
	(549, 149),
	(1, 150),
	(62, 150),
	(107, 150),
	(174, 150),
	(225, 150),
	(265, 150),
	(300, 150),
	(337, 150),
	(393, 150),
	(499, 150),
	(49, 151),
	(133, 151),
	(292, 151),
	(393, 151),
	(444, 151),
	(54, 152),
	(134, 152),
	(225, 152),
	(272, 152),
	(477, 152),
	(43, 153),
	(67, 153),
	(153, 153),
	(163, 153),
	(258, 153),
	(265, 153),
	(417, 153),
	(542, 153),
	(136, 154),
	(292, 154),
	(338, 154),
	(352, 154),
	(23, 155),
	(109, 155),
	(112, 155),
	(245, 155),
	(275, 155),
	(295, 155),
	(407, 155),
	(148, 156),
	(398, 156),
	(532, 156),
	(558, 156),
	(93, 157),
	(153, 157),
	(358, 157),
	(449, 157),
	(85, 158),
	(154, 158),
	(566, 158),
	(574, 158),
	(30, 159),
	(152, 159),
	(181, 159),
	(199, 159),
	(363, 159),
	(426, 159),
	(463, 159),
	(9, 160),
	(18, 160),
	(36, 160),
	(80, 160),
	(202, 160),
	(389, 160),
	(404, 160),
	(541, 160),
	(43, 161),
	(65, 161),
	(73, 161),
	(153, 161),
	(158, 161),
	(281, 161),
	(351, 161),
	(354, 161),
	(531, 161),
	(86, 162),
	(87, 162),
	(182, 162),
	(202, 162),
	(348, 162),
	(382, 162),
	(489, 162),
	(500, 162),
	(23, 163),
	(67, 163),
	(154, 163),
	(214, 163),
	(293, 163),
	(299, 163),
	(382, 163),
	(428, 163),
	(486, 163),
	(63, 164),
	(104, 164),
	(152, 164),
	(232, 164),
	(83, 165),
	(118, 165),
	(135, 165),
	(166, 165),
	(415, 165),
	(442, 165),
	(449, 165),
	(464, 165),
	(247, 166),
	(284, 166),
	(306, 166),
	(472, 166),
	(558, 166),
	(572, 166),
	(6, 167),
	(59, 167),
	(326, 167),
	(363, 167),
	(513, 167),
	(556, 167),
	(572, 167),
	(60, 168),
	(75, 168),
	(112, 168),
	(183, 168),
	(199, 168),
	(245, 168),
	(405, 168),
	(467, 168),
	(39, 169),
	(187, 169),
	(301, 169),
	(344, 169),
	(507, 169),
	(512, 169),
	(515, 169),
	(111, 170),
	(273, 170),
	(407, 170),
	(546, 170),
	(100, 171),
	(103, 171),
	(111, 171),
	(199, 171),
	(396, 171),
	(456, 171),
	(490, 171),
	(8, 172),
	(118, 172),
	(126, 172),
	(180, 172),
	(197, 172),
	(204, 172),
	(245, 172),
	(251, 172),
	(295, 172),
	(324, 172),
	(347, 172),
	(426, 172),
	(457, 172),
	(503, 172),
	(124, 173),
	(132, 173),
	(155, 173),
	(303, 173),
	(392, 173),
	(460, 173),
	(518, 173),
	(43, 174),
	(99, 174),
	(112, 174),
	(157, 174),
	(190, 174),
	(327, 174),
	(370, 174),
	(394, 174),
	(455, 174),
	(514, 174),
	(545, 174),
	(27, 175),
	(42, 175),
	(61, 175),
	(172, 175),
	(182, 175),
	(240, 175),
	(249, 175),
	(258, 175),
	(304, 175),
	(351, 175),
	(386, 175),
	(498, 175),
	(570, 175),
	(47, 176),
	(78, 176),
	(103, 176),
	(211, 176),
	(244, 176),
	(503, 176),
	(536, 176),
	(563, 176),
	(7, 177),
	(49, 177),
	(103, 177),
	(169, 177),
	(446, 177),
	(450, 177),
	(555, 177),
	(559, 177),
	(154, 178),
	(276, 178),
	(305, 178),
	(493, 178),
	(536, 178),
	(562, 178),
	(38, 179),
	(293, 179),
	(388, 179),
	(431, 179),
	(441, 179),
	(172, 180),
	(188, 180),
	(325, 180),
	(377, 180),
	(449, 180),
	(468, 180),
	(556, 180),
	(564, 180),
	(568, 180),
	(50, 181),
	(120, 181),
	(146, 181),
	(190, 181),
	(198, 181),
	(300, 181),
	(397, 181),
	(471, 181),
	(529, 181),
	(17, 182),
	(253, 182),
	(335, 182),
	(421, 182),
	(483, 182),
	(56, 183),
	(74, 183),
	(102, 183),
	(140, 183),
	(166, 183),
	(198, 183),
	(244, 183),
	(292, 183),
	(397, 183),
	(477, 183),
	(542, 183),
	(12, 184),
	(173, 184),
	(326, 184),
	(399, 184),
	(512, 184),
	(513, 184),
	(570, 184),
	(43, 185),
	(115, 185),
	(121, 185),
	(165, 185),
	(236, 185),
	(251, 185),
	(493, 185),
	(574, 185),
	(27, 186),
	(145, 186),
	(194, 186),
	(195, 186),
	(218, 186),
	(253, 186),
	(362, 186),
	(378, 186),
	(460, 186),
	(475, 186),
	(566, 186),
	(569, 186),
	(35, 187),
	(65, 187),
	(76, 187),
	(196, 187),
	(240, 187),
	(249, 187),
	(252, 187),
	(275, 187),
	(322, 187),
	(473, 187),
	(497, 187),
	(529, 187),
	(36, 188),
	(151, 188),
	(167, 188),
	(183, 188),
	(339, 188),
	(456, 188),
	(484, 188),
	(16, 189),
	(42, 189),
	(277, 189),
	(324, 189),
	(32, 190),
	(81, 190),
	(118, 190),
	(155, 190),
	(278, 190),
	(369, 190),
	(376, 190),
	(431, 190),
	(500, 190),
	(507, 190),
	(522, 190),
	(28, 191),
	(58, 191),
	(61, 191),
	(74, 191),
	(176, 191),
	(299, 191),
	(363, 191),
	(406, 191),
	(407, 191),
	(425, 191),
	(511, 191),
	(90, 192),
	(237, 192),
	(269, 192),
	(292, 192),
	(404, 192),
	(413, 192),
	(550, 192),
	(112, 193),
	(132, 193),
	(343, 193),
	(403, 193),
	(412, 193),
	(418, 193),
	(516, 193),
	(549, 193),
	(123, 194),
	(165, 194),
	(280, 194),
	(360, 194),
	(378, 194),
	(492, 194),
	(34, 195),
	(68, 195),
	(145, 195),
	(192, 195),
	(240, 195),
	(250, 195),
	(261, 195),
	(331, 195),
	(533, 195),
	(553, 195),
	(14, 196),
	(78, 196),
	(107, 196),
	(227, 196),
	(249, 196),
	(278, 196),
	(370, 196),
	(424, 196),
	(470, 196),
	(481, 196),
	(526, 196),
	(532, 196),
	(47, 197),
	(121, 197),
	(145, 197),
	(184, 197),
	(186, 197),
	(290, 197),
	(314, 197),
	(320, 197),
	(335, 197),
	(355, 197),
	(386, 197),
	(487, 197),
	(565, 197),
	(568, 197),
	(576, 197),
	(96, 198),
	(129, 198),
	(368, 198),
	(419, 198),
	(435, 198),
	(459, 198),
	(531, 198),
	(30, 199),
	(39, 199),
	(97, 199),
	(470, 199),
	(512, 199),
	(545, 199),
	(43, 200),
	(119, 200),
	(129, 200),
	(170, 200),
	(242, 200),
	(269, 200),
	(309, 200),
	(323, 200),
	(371, 200),
	(393, 200),
	(412, 200),
	(113, 201),
	(376, 201),
	(394, 201),
	(437, 201),
	(464, 201),
	(477, 201),
	(111, 202),
	(165, 202),
	(210, 202),
	(217, 202),
	(304, 202),
	(359, 202),
	(508, 202),
	(568, 202),
	(145, 203),
	(171, 203),
	(382, 203),
	(535, 203),
	(13, 204),
	(28, 204),
	(144, 204),
	(178, 204),
	(300, 204),
	(398, 204),
	(453, 204),
	(484, 204),
	(70, 205),
	(115, 205),
	(126, 205),
	(220, 205),
	(362, 205),
	(404, 205),
	(422, 205),
	(506, 205),
	(507, 205),
	(528, 205),
	(554, 205),
	(49, 206),
	(50, 206),
	(129, 206),
	(285, 206),
	(308, 206),
	(460, 206),
	(2, 207),
	(31, 207),
	(33, 207),
	(70, 207),
	(327, 207),
	(442, 207),
	(554, 207),
	(155, 208),
	(158, 208),
	(165, 208),
	(293, 208),
	(338, 208),
	(347, 208),
	(361, 208),
	(365, 208),
	(404, 208),
	(442, 208),
	(468, 208),
	(481, 208),
	(572, 208),
	(19, 209),
	(48, 209),
	(50, 209),
	(116, 209),
	(243, 209),
	(281, 209),
	(417, 209),
	(514, 209),
	(97, 210),
	(150, 210),
	(332, 210),
	(395, 210),
	(487, 210),
	(179, 211),
	(236, 211),
	(274, 211),
	(405, 211),
	(153, 212),
	(241, 212),
	(299, 212),
	(403, 212),
	(517, 212),
	(141, 213),
	(188, 213),
	(208, 213),
	(235, 213),
	(240, 213),
	(449, 213),
	(462, 213),
	(549, 213),
	(161, 214),
	(188, 214),
	(194, 214),
	(199, 214),
	(202, 214),
	(251, 214),
	(367, 214),
	(3, 215),
	(16, 215),
	(26, 215),
	(62, 215),
	(76, 215),
	(153, 215),
	(257, 215),
	(305, 215),
	(500, 215),
	(517, 215),
	(555, 215),
	(573, 215),
	(29, 216),
	(43, 216),
	(227, 216),
	(245, 216),
	(458, 216),
	(45, 217),
	(96, 217),
	(367, 217),
	(379, 217),
	(553, 217),
	(574, 217),
	(26, 218),
	(101, 218),
	(115, 218),
	(276, 218),
	(306, 218),
	(321, 218),
	(338, 218),
	(418, 218),
	(421, 218),
	(306, 219),
	(11, 220),
	(39, 220),
	(154, 220),
	(281, 220),
	(358, 220),
	(402, 220),
	(540, 220),
	(30, 221),
	(43, 221),
	(114, 221),
	(150, 221),
	(280, 221),
	(1, 222),
	(56, 222),
	(317, 222),
	(359, 222),
	(438, 222),
	(473, 222),
	(495, 222),
	(24, 223),
	(80, 223),
	(106, 223),
	(123, 223),
	(262, 223),
	(287, 223),
	(289, 223),
	(317, 223),
	(400, 223),
	(555, 223),
	(42, 224),
	(58, 224),
	(252, 224),
	(489, 224),
	(534, 224),
	(203, 225),
	(258, 225),
	(352, 225),
	(26, 226),
	(126, 226),
	(356, 226),
	(379, 226),
	(405, 226),
	(503, 226),
	(533, 226),
	(549, 226),
	(131, 227),
	(242, 227),
	(256, 227),
	(374, 227),
	(440, 227),
	(481, 227),
	(157, 228),
	(224, 228),
	(242, 228),
	(274, 228),
	(301, 228),
	(318, 228),
	(437, 228),
	(484, 228),
	(538, 228),
	(17, 229),
	(28, 229),
	(91, 229),
	(203, 229),
	(243, 229),
	(430, 229),
	(18, 230),
	(25, 230),
	(180, 230),
	(237, 230),
	(266, 230),
	(270, 230),
	(318, 230),
	(410, 230),
	(163, 231),
	(225, 231),
	(262, 231),
	(380, 231),
	(28, 232),
	(85, 232),
	(189, 232),
	(357, 232),
	(375, 232),
	(524, 232),
	(550, 232),
	(6, 233),
	(220, 233),
	(224, 233),
	(295, 233),
	(473, 233),
	(520, 233),
	(523, 233),
	(28, 234),
	(130, 234),
	(138, 234),
	(248, 234),
	(293, 234),
	(317, 234),
	(398, 234),
	(438, 234),
	(480, 234),
	(493, 234),
	(543, 234),
	(573, 234),
	(5, 235),
	(34, 235),
	(138, 235),
	(325, 235),
	(377, 235),
	(417, 235),
	(547, 235),
	(550, 235),
	(383, 236),
	(403, 236),
	(511, 236),
	(524, 236),
	(30, 237),
	(179, 237),
	(280, 237),
	(309, 237),
	(440, 237),
	(535, 237),
	(539, 237),
	(78, 238),
	(193, 238),
	(200, 238),
	(383, 238),
	(508, 238),
	(509, 238),
	(518, 238),
	(112, 239),
	(274, 239),
	(422, 239),
	(441, 239),
	(442, 239),
	(56, 240),
	(145, 240),
	(153, 240),
	(159, 240),
	(209, 240),
	(268, 240),
	(283, 240),
	(378, 240),
	(384, 240),
	(523, 240),
	(551, 240),
	(50, 241),
	(94, 241),
	(99, 241),
	(129, 241),
	(187, 241),
	(297, 241),
	(400, 241),
	(407, 241),
	(492, 241),
	(519, 241),
	(524, 241),
	(4, 242),
	(61, 242),
	(81, 242),
	(94, 242),
	(157, 242),
	(240, 242),
	(255, 242),
	(311, 242),
	(349, 242),
	(503, 242),
	(46, 243),
	(167, 243),
	(329, 243),
	(353, 243),
	(356, 243),
	(412, 243),
	(426, 243),
	(540, 243),
	(10, 244),
	(119, 244),
	(287, 244),
	(387, 244),
	(561, 244),
	(16, 245),
	(154, 245),
	(257, 245),
	(344, 245),
	(438, 245),
	(44, 246),
	(145, 246),
	(188, 246),
	(201, 246),
	(213, 246),
	(252, 246),
	(321, 246),
	(359, 246),
	(431, 246),
	(65, 247),
	(116, 247),
	(190, 247),
	(253, 247),
	(364, 247),
	(566, 247),
	(101, 248),
	(121, 248),
	(245, 248),
	(423, 248),
	(426, 248),
	(437, 248),
	(513, 248),
	(519, 248),
	(221, 249),
	(232, 249),
	(374, 249),
	(399, 249),
	(434, 249),
	(469, 249),
	(20, 250),
	(45, 250),
	(52, 250),
	(130, 250),
	(341, 250),
	(355, 250),
	(372, 250),
	(486, 250),
	(516, 250),
	(530, 250),
	(205, 251),
	(243, 251),
	(417, 251),
	(432, 251),
	(473, 251),
	(547, 251),
	(568, 251),
	(5, 252),
	(25, 252),
	(168, 252),
	(184, 252),
	(258, 252),
	(273, 252),
	(366, 252),
	(409, 252),
	(560, 252),
	(71, 253),
	(112, 253),
	(263, 253),
	(331, 253),
	(336, 253),
	(411, 253),
	(470, 253),
	(478, 253),
	(551, 253),
	(12, 254),
	(34, 254),
	(54, 254),
	(108, 254),
	(159, 254),
	(160, 254),
	(275, 254),
	(389, 254),
	(445, 254),
	(451, 254),
	(36, 255),
	(81, 255),
	(102, 255),
	(152, 255),
	(355, 255),
	(421, 255),
	(495, 255),
	(557, 255),
	(162, 256),
	(219, 256),
	(292, 256),
	(322, 256),
	(360, 256),
	(384, 256),
	(475, 256),
	(503, 256),
	(504, 256),
	(576, 256),
	(142, 257),
	(281, 257),
	(288, 257),
	(353, 257),
	(384, 257),
	(506, 257),
	(201, 258),
	(245, 258),
	(306, 258),
	(409, 258),
	(430, 258),
	(61, 259),
	(194, 259),
	(268, 259),
	(130, 260),
	(138, 260),
	(253, 260),
	(312, 260),
	(316, 260),
	(372, 260),
	(553, 260),
	(5, 261),
	(39, 261),
	(73, 261),
	(143, 261),
	(153, 261),
	(200, 261),
	(277, 261),
	(323, 261),
	(328, 261),
	(359, 261),
	(492, 261),
	(502, 261),
	(539, 261),
	(64, 262),
	(68, 262),
	(206, 262),
	(292, 262),
	(324, 262),
	(386, 262),
	(391, 262),
	(436, 262),
	(523, 262),
	(527, 262),
	(124, 263),
	(131, 263),
	(146, 263),
	(178, 263),
	(226, 263),
	(267, 263),
	(333, 263),
	(367, 263),
	(457, 263),
	(476, 263),
	(572, 263),
	(42, 264),
	(114, 264),
	(340, 264),
	(420, 264),
	(572, 264),
	(81, 265),
	(199, 265),
	(218, 265),
	(233, 265),
	(484, 265),
	(540, 265),
	(557, 265),
	(577, 265),
	(132, 266),
	(163, 266),
	(324, 266),
	(488, 266),
	(558, 266),
	(559, 266),
	(561, 266),
	(58, 267),
	(85, 267),
	(375, 267),
	(387, 267),
	(436, 267),
	(514, 267),
	(573, 267),
	(249, 268),
	(278, 268),
	(503, 268),
	(543, 268),
	(569, 268),
	(105, 269),
	(293, 269),
	(412, 269),
	(417, 269),
	(435, 269),
	(460, 269),
	(95, 270),
	(113, 270),
	(124, 270),
	(220, 270),
	(308, 270),
	(324, 270),
	(338, 270),
	(87, 271),
	(305, 271),
	(423, 271),
	(467, 271),
	(472, 271),
	(477, 271),
	(492, 271),
	(503, 271),
	(49, 272),
	(66, 272),
	(119, 272),
	(140, 272),
	(251, 272),
	(378, 272),
	(400, 272),
	(484, 272),
	(13, 273),
	(23, 273),
	(34, 273),
	(128, 273),
	(140, 273),
	(223, 273),
	(527, 273),
	(544, 273),
	(551, 273),
	(85, 274),
	(106, 274),
	(311, 274),
	(42, 275),
	(67, 275),
	(101, 275),
	(103, 275),
	(118, 275),
	(255, 275),
	(284, 275),
	(392, 275),
	(436, 275),
	(502, 275),
	(76, 276),
	(201, 276),
	(302, 276),
	(411, 276),
	(466, 276),
	(185, 277),
	(255, 277),
	(392, 277),
	(536, 277),
	(563, 277),
	(150, 278),
	(158, 278),
	(235, 278),
	(445, 278),
	(39, 279),
	(73, 279),
	(106, 279),
	(109, 279),
	(151, 279),
	(276, 279),
	(360, 279),
	(475, 279),
	(498, 280),
	(506, 280),
	(38, 281),
	(59, 281),
	(138, 281),
	(151, 281),
	(237, 281),
	(249, 281),
	(346, 281),
	(362, 281),
	(493, 281),
	(548, 281),
	(63, 282),
	(358, 282),
	(435, 282),
	(446, 282),
	(504, 282),
	(511, 282),
	(561, 282),
	(190, 283),
	(277, 283),
	(352, 283),
	(464, 283),
	(521, 283),
	(549, 283),
	(20, 284),
	(87, 284),
	(110, 284),
	(112, 284),
	(150, 284),
	(163, 284),
	(183, 284),
	(193, 284),
	(245, 284),
	(365, 284),
	(415, 284),
	(417, 284),
	(488, 284),
	(530, 284),
	(13, 285),
	(81, 285),
	(277, 285),
	(400, 285),
	(20, 286),
	(175, 286),
	(265, 286),
	(274, 286),
	(486, 286),
	(562, 286),
	(4, 287),
	(71, 287),
	(92, 287),
	(190, 287),
	(217, 287),
	(258, 287),
	(334, 287),
	(457, 287),
	(540, 287),
	(63, 288),
	(91, 288),
	(238, 288),
	(259, 288),
	(369, 288),
	(377, 288),
	(446, 288),
	(465, 288),
	(538, 288),
	(556, 288),
	(564, 288),
	(572, 288),
	(265, 289),
	(370, 289),
	(458, 289),
	(469, 289),
	(33, 290),
	(45, 290),
	(222, 290),
	(335, 290),
	(341, 290),
	(575, 290),
	(58, 291),
	(227, 291),
	(231, 291),
	(468, 291),
	(490, 291),
	(563, 291),
	(65, 292),
	(130, 292),
	(146, 292),
	(179, 292),
	(197, 292),
	(202, 292),
	(293, 292),
	(294, 292),
	(327, 292),
	(355, 292),
	(438, 292),
	(81, 293),
	(111, 293),
	(382, 293),
	(406, 293),
	(407, 293),
	(411, 293),
	(458, 293),
	(554, 293),
	(98, 294),
	(221, 294),
	(223, 294),
	(248, 294),
	(365, 294),
	(407, 294),
	(461, 294),
	(569, 294),
	(72, 295),
	(134, 295),
	(218, 295),
	(222, 295),
	(282, 295),
	(337, 295),
	(403, 295),
	(492, 295),
	(500, 295),
	(512, 295),
	(524, 295),
	(229, 296),
	(384, 296),
	(394, 296),
	(434, 296),
	(444, 296),
	(542, 296),
	(164, 297),
	(313, 297),
	(442, 297),
	(538, 297),
	(11, 298),
	(32, 298),
	(104, 298),
	(141, 298),
	(165, 298),
	(199, 298),
	(256, 298),
	(268, 298),
	(287, 298),
	(337, 298),
	(529, 298),
	(70, 299),
	(207, 299),
	(220, 299),
	(311, 299),
	(369, 299),
	(397, 299),
	(462, 299),
	(555, 299),
	(62, 300),
	(120, 300),
	(191, 300),
	(270, 300),
	(377, 300),
	(522, 300),
	(555, 300),
	(572, 300),
	(38, 301),
	(60, 301),
	(345, 301),
	(366, 301),
	(424, 301),
	(474, 301),
	(20, 302),
	(82, 302),
	(215, 302),
	(385, 302),
	(413, 302),
	(415, 302),
	(463, 302),
	(475, 302),
	(476, 302),
	(523, 302),
	(537, 302),
	(371, 303),
	(432, 303),
	(459, 303),
	(489, 303),
	(260, 304),
	(281, 304),
	(368, 304),
	(425, 304),
	(452, 304),
	(558, 304),
	(55, 305),
	(225, 305),
	(366, 305),
	(26, 306),
	(291, 306),
	(320, 306),
	(505, 306),
	(547, 306),
	(105, 307),
	(202, 307),
	(408, 307),
	(441, 307),
	(551, 307),
	(35, 308),
	(102, 308),
	(113, 308),
	(251, 308),
	(308, 308),
	(352, 308),
	(407, 308),
	(550, 308),
	(553, 308),
	(99, 309),
	(189, 309),
	(297, 309),
	(343, 309),
	(455, 309),
	(16, 310),
	(53, 310),
	(88, 310),
	(196, 310),
	(224, 310),
	(359, 310),
	(473, 310),
	(555, 310),
	(568, 310),
	(127, 311),
	(183, 311),
	(229, 311),
	(343, 311),
	(423, 311),
	(437, 311),
	(509, 311),
	(57, 312),
	(185, 312),
	(334, 312),
	(362, 312),
	(408, 312),
	(446, 312),
	(491, 312),
	(96, 313),
	(112, 313),
	(116, 313),
	(146, 313),
	(173, 313),
	(188, 313),
	(200, 313),
	(263, 313),
	(311, 313),
	(340, 313),
	(445, 313),
	(561, 313),
	(113, 314),
	(122, 314),
	(249, 314),
	(354, 314),
	(470, 314),
	(19, 315),
	(51, 315),
	(118, 315),
	(175, 315),
	(244, 315),
	(444, 315),
	(455, 315),
	(531, 315),
	(50, 316),
	(102, 316),
	(123, 316),
	(135, 316),
	(161, 316),
	(192, 316),
	(230, 316),
	(267, 316),
	(351, 316),
	(366, 316),
	(34, 317),
	(86, 317),
	(270, 317),
	(289, 317),
	(317, 317),
	(360, 317),
	(435, 317),
	(547, 317),
	(167, 318),
	(172, 318),
	(221, 318),
	(267, 318),
	(283, 318),
	(316, 318),
	(423, 318),
	(457, 318),
	(502, 318),
	(518, 318),
	(538, 318),
	(17, 319),
	(75, 319),
	(245, 319),
	(395, 319),
	(568, 319),
	(93, 320),
	(97, 320),
	(193, 320),
	(307, 320),
	(414, 320),
	(498, 320),
	(499, 320),
	(515, 320),
	(539, 320),
	(562, 320),
	(27, 321),
	(62, 321),
	(98, 321),
	(106, 321),
	(135, 321),
	(176, 321),
	(238, 321),
	(280, 321),
	(291, 321),
	(393, 321),
	(457, 321),
	(213, 322),
	(242, 322),
	(371, 322),
	(377, 322),
	(395, 322),
	(493, 322),
	(46, 323),
	(326, 323),
	(376, 323),
	(476, 323),
	(491, 323),
	(530, 323),
	(74, 324),
	(112, 324),
	(393, 324),
	(402, 324),
	(416, 324),
	(419, 324),
	(458, 324),
	(509, 324);
/*!40000 ALTER TABLE `user_game_items` ENABLE KEYS */;
/*!40101 SET SQL_MODE=IFNULL(@OLD_SQL_MODE, '') */;
/*!40014 SET FOREIGN_KEY_CHECKS=IF(@OLD_FOREIGN_KEY_CHECKS IS NULL, 1, @OLD_FOREIGN_KEY_CHECKS) */;
/*!40101 SET CHARACTER_SET_CLIENT=@OLD_CHARACTER_SET_CLIENT */;
