[
  { 
    "content" : "Hello, I am new here!", 
    "datetime": "2009-04-12T20:44:55", 
    "recipient": "Nakov", 
    "sender": "Ache" 
  },
  { 
    "content" : "Hi, dude! You are welcome!", 
    "datetime": "2009-04-12T20:48:35", 
    "recipient": "Ache", 
    "sender": "Nakov" 
  },
  { 
    "content" : "I�m looking for geeks! I want some programming advice.", 
    "datetime": "2009-04-12T20:51:12", 
    "recipient": "Nakov", 
    "sender": "Ache" 
  },
  {
    "content" : "Wrong message"
  },
  { 
    "content" : "I can help you. I am the geekest geek you have ever seen.", 
    "datetime": "2009-04-12T20:52:14", 
    "recipient": "Ache", 
    "sender": "Nakov" 
  }
]
