<?xml version="1.0" encoding="utf-8" ?>
<manufacturers-and-lenses>
	<manufacturer>
		<manufacturer-name>Fujifulm</manufacturer-name>
		<lenses>
			<lens model="XC 16-50mm F3.5-5.6 OIS" type="Zoom lens" price="198" />
			<lens model="XC 50-230mm F4.5-6.7 OIS" type="Telephoto zoom lens" price="299" />
			<lens model="XF 10-24mm F4 R OIS" type="Wideangle zoom lens" price="799" />
			<lens model="XF 14mm F2.8 R" type="Wideangle prime lens" price="899" />
			<lens model="XC 16-50mm F3.5-5.6 OIS II" type="Zoom lens" />
			<lens model="XC 50-230mm F4.5-6.7 OIS II" type="Telephoto zoom lens" />
			<lens model="XF 16-55mm F2.8 R LM WR" type="Zoom lens" price="1199" />
			<lens model="XF 16mm F1.4 R WR" type="Wideangle macro prime lens" price="999" />
			<lens model="XF 18-55mm F2.8-4 R LM OIS" type="Zoom lens" price="699" />
		</lenses>
	</manufacturer>
	<manufacturer>
		<manufacturer-name>Panasonic</manufacturer-name>
		<lenses>
			<lens model="Lumix G Vario 7-14mm F4 ASPH" type="Wideangle zoom lens" price="825" />
			<lens model="Lumix G Fisheye 8mm F3.5" type="Wideangle fisheye prime lens" price="641" />
			<lens model="Lumix G Macro 30mm F2.8 ASPH Mega OIS" type="Macro prime lens" />
			<lens model="Lumix G Vario 14-45mm F3.5-5.6 ASPH OIS" type="Zoom lens" price="392" />
			<lens model="Lumix G Vario 45-200mm F4-5.6 OIS" type="Telephoto zoom lens" price="240" />
			<lens model="Lumix G X Vario 35-100mm F2.8 OIS" type="Telephoto zoom lens" price="950" />
		</lenses>
	</manufacturer>
	<manufacturer>
		<manufacturer-name>Olympus</manufacturer-name>
		<lenses>
			<lens model="M.Zuiko ED 75-300mm 1:4.8-6.7 II" type="Telephoto zoom lens" price="499" />
			<lens model="M.Zuiko Digital ED 40-150mm F2.8 Pro" type="Telephoto zoom lens" price="1399" />
			<lens model="M.Zuiko Digital ED 12-40mm 1:2.8 PRO" type="Zoom lens" price="864" />
			<lens model="M.Zuiko Digital ED 8mm F1.8 Fisheye Pro" type="Wideangle fisheye prime lens" price="946" />
			<lens model="Zuiko Digital ED 50-200mm 1:2.8-3.5 SWD" type="Telephoto zoom lens" price="1180" />
			<lens model="Zuiko Digital ED 70-300mm 1:4.0-5.6" type="Telephoto zoom lens" price="518" />
			<lens model="Zuiko Digital ED 150mm 1:2.0" type="Telephoto prime lens" />
		</lenses>
	</manufacturer>
</manufacturers-and-lenses>
