﻿[
  { "mountainName" : "Andes",
    "peaks" : [
      { "peakName" : "Aconcagua", "elevation" : 6962 },
      { "peakName" : "Monte Pissis", "elevation" : 6793 },
      { "peakName" : "Ojos del Salado", "elevation" : 6893 } ],
    "countries" : ["Argentina", "Chile", "Absurdistan"] },
  { "mountainName" : "Unknown Mountains" },
  { },
  { "peaks" : [ { "peakName" : "Incorrect peak" } ],
    "mountainName" : "Strange Mountain" },
  { "mountainName" : "Caucasus",
    "peaks" : [
      { "peakName" : "Dykh-Tau", "elevation" : 5205 },
      { "peakName" : "Elbrus", "elevation" : 5642 } ],
    "countries" : ["Russia", "Georgia"] }
]
